[{"model": "admin.logentry", "pk": 1, "fields": {"action_time": "2024-12-05T20:44:01.444Z", "user": 1, "content_type": 10, "object_id": "1", "object_repr": "Netflix", "action_flag": 1, "change_message": "[{\"added\": {}}]"}}, {"model": "admin.logentry", "pk": 2, "fields": {"action_time": "2024-12-05T21:05:05.311Z", "user": 1, "content_type": 12, "object_id": "1", "object_repr": "Plan 1", "action_flag": 1, "change_message": "[{\"added\": {}}]"}}, {"model": "admin.logentry", "pk": 3, "fields": {"action_time": "2024-12-05T21:06:52.448Z", "user": 1, "content_type": 12, "object_id": "2", "object_repr": "Netflix 2 perfiles", "action_flag": 1, "change_message": "[{\"added\": {}}]"}}, {"model": "admin.logentry", "pk": 4, "fields": {"action_time": "2024-12-05T21:07:11.955Z", "user": 1, "content_type": 12, "object_id": "3", "object_repr": "Netflix 3 perfiles", "action_flag": 1, "change_message": "[{\"added\": {}}]"}}, {"model": "admin.logentry", "pk": 5, "fields": {"action_time": "2024-12-05T21:07:47.463Z", "user": 1, "content_type": 12, "object_id": "3", "object_repr": "Netflix 3 perfiles", "action_flag": 2, "change_message": "[]"}}, {"model": "admin.logentry", "pk": 6, "fields": {"action_time": "2024-12-05T21:08:11.440Z", "user": 1, "content_type": 12, "object_id": "1", "object_repr": "Netflix 1 dispositivo", "action_flag": 2, "change_message": "[{\"changed\": {\"fields\": [\"Descripcion\"]}}]"}}, {"model": "admin.logentry", "pk": 7, "fields": {"action_time": "2024-12-05T21:08:15.387Z", "user": 1, "content_type": 12, "object_id": "2", "object_repr": "Netflix 2 dispositivos", "action_flag": 2, "change_message": "[{\"changed\": {\"fields\": [\"Descripcion\"]}}]"}}, {"model": "admin.logentry", "pk": 8, "fields": {"action_time": "2024-12-05T21:08:20.859Z", "user": 1, "content_type": 12, "object_id": "3", "object_repr": "Netflix 3 dispositivos", "action_flag": 2, "change_message": "[{\"changed\": {\"fields\": [\"Descripcion\"]}}]"}}, {"model": "admin.logentry", "pk": 9, "fields": {"action_time": "2024-12-05T21:08:38.413Z", "user": 1, "content_type": 12, "object_id": "4", "object_repr": "Netflix 3 meses", "action_flag": 1, "change_message": "[{\"added\": {}}]"}}, {"model": "admin.logentry", "pk": 10, "fields": {"action_time": "2024-12-05T21:09:06.263Z", "user": 1, "content_type": 12, "object_id": "5", "object_repr": "Netflix 2 meses", "action_flag": 1, "change_message": "[{\"added\": {}}]"}}, {"model": "admin.logentry", "pk": 11, "fields": {"action_time": "2024-12-05T21:13:08.896Z", "user": 1, "content_type": 10, "object_id": "2", "object_repr": "MagisTV", "action_flag": 1, "change_message": "[{\"added\": {}}]"}}, {"model": "admin.logentry", "pk": 12, "fields": {"action_time": "2024-12-05T21:13:29.520Z", "user": 1, "content_type": 12, "object_id": "6", "object_repr": "MagisTV 1 Dispositivo", "action_flag": 1, "change_message": "[{\"added\": {}}]"}}, {"model": "admin.logentry", "pk": 13, "fields": {"action_time": "2024-12-05T21:13:49.909Z", "user": 1, "content_type": 12, "object_id": "7", "object_repr": "MagisTV 2 meses", "action_flag": 1, "change_message": "[{\"added\": {}}]"}}, {"model": "admin.logentry", "pk": 14, "fields": {"action_time": "2024-12-05T21:14:00.655Z", "user": 1, "content_type": 12, "object_id": "8", "object_repr": "MagisTV 3 meses", "action_flag": 1, "change_message": "[{\"added\": {}}]"}}, {"model": "admin.logentry", "pk": 15, "fields": {"action_time": "2024-12-05T21:16:13.219Z", "user": 1, "content_type": 12, "object_id": "6", "object_repr": "MagisTV 1 dispositivo", "action_flag": 2, "change_message": "[{\"changed\": {\"fields\": [\"Descripcion\"]}}]"}}, {"model": "admin.logentry", "pk": 16, "fields": {"action_time": "2024-12-05T21:16:31.084Z", "user": 1, "content_type": 12, "object_id": "9", "object_repr": "MagisTV 2 dispositivos", "action_flag": 1, "change_message": "[{\"added\": {}}]"}}, {"model": "admin.logentry", "pk": 17, "fields": {"action_time": "2024-12-05T21:16:55.757Z", "user": 1, "content_type": 12, "object_id": "10", "object_repr": "MagisTV 3 dispositivos", "action_flag": 1, "change_message": "[{\"added\": {}}]"}}, {"model": "admin.logentry", "pk": 18, "fields": {"action_time": "2024-12-05T21:36:04.058Z", "user": 1, "content_type": 11, "object_id": "1", "object_repr": "TV", "action_flag": 1, "change_message": "[{\"added\": {}}]"}}, {"model": "admin.logentry", "pk": 19, "fields": {"action_time": "2024-12-05T21:36:09.023Z", "user": 1, "content_type": 9, "object_id": "1", "object_repr": "1N", "action_flag": 1, "change_message": "[{\"added\": {}}]"}}, {"model": "admin.logentry", "pk": 20, "fields": {"action_time": "2024-12-05T21:36:10.269Z", "user": 1, "content_type": 8, "object_id": "1", "object_repr": "bvtws@accbnet.com", "action_flag": 1, "change_message": "[{\"added\": {}}]"}}, {"model": "admin.logentry", "pk": 21, "fields": {"action_time": "2024-12-05T21:43:52.946Z", "user": 1, "content_type": 7, "object_id": "1", "object_repr": "Jhoel", "action_flag": 1, "change_message": "[{\"added\": {}}]"}}, {"model": "admin.logentry", "pk": 22, "fields": {"action_time": "2024-12-06T02:21:16.981Z", "user": 1, "content_type": 10, "object_id": "3", "object_repr": "Prime Video 1 Perfil", "action_flag": 1, "change_message": "[{\"added\": {}}]"}}, {"model": "admin.logentry", "pk": 23, "fields": {"action_time": "2024-12-06T03:53:41.361Z", "user": 1, "content_type": 14, "object_id": "1", "object_repr": "Perfil 1 - Cliente Jhoel", "action_flag": 1, "change_message": "[{\"added\": {}}]"}}, {"model": "admin.logentry", "pk": 24, "fields": {"action_time": "2024-12-06T03:54:38.236Z", "user": 1, "content_type": 14, "object_id": "2", "object_repr": "Perfil 2 - Cliente Lizbeth Hernandez", "action_flag": 1, "change_message": "[{\"added\": {}}]"}}, {"model": "admin.logentry", "pk": 25, "fields": {"action_time": "2024-12-06T03:56:01.329Z", "user": 1, "content_type": 13, "object_id": "983", "object_repr": "Kiara - bvtws@accbnet.com", "action_flag": 2, "change_message": "[{\"changed\": {\"fields\": [\"Usuario\", \"Pin\", \"Asignado\"]}}]"}}, {"model": "admin.logentry", "pk": 26, "fields": {"action_time": "2024-12-06T03:56:09.769Z", "user": 1, "content_type": 14, "object_id": "3", "object_repr": "Perfil 3 - Cliente Andy", "action_flag": 1, "change_message": "[{\"added\": {}}]"}}, {"model": "admin.logentry", "pk": 27, "fields": {"action_time": "2024-12-06T03:57:04.013Z", "user": 1, "content_type": 13, "object_id": "984", "object_repr": "5 - bvtws@accbnet.com", "action_flag": 2, "change_message": "[{\"changed\": {\"fields\": [\"Usuario\", \"Pin\", \"Asignado\"]}}]"}}, {"model": "admin.logentry", "pk": 28, "fields": {"action_time": "2024-12-06T03:57:11.062Z", "user": 1, "content_type": 14, "object_id": "4", "object_repr": "Perfil 4 - Cliente Evelyn Vizuete", "action_flag": 1, "change_message": "[{\"added\": {}}]"}}, {"model": "admin.logentry", "pk": 29, "fields": {"action_time": "2024-12-06T03:57:37.225Z", "user": 1, "content_type": 13, "object_id": "981", "object_repr": "Jhoel - bvtws@accbnet.com", "action_flag": 2, "change_message": "[{\"changed\": {\"fields\": [\"Usuario\", \"Pin\", \"Asignado\"]}}]"}}, {"model": "admin.logentry", "pk": 30, "fields": {"action_time": "2024-12-06T03:57:40.448Z", "user": 1, "content_type": 14, "object_id": "1", "object_repr": "Perfil 1 - Cliente Jhoel", "action_flag": 2, "change_message": "[]"}}, {"model": "admin.logentry", "pk": 31, "fields": {"action_time": "2024-12-06T03:58:05.365Z", "user": 1, "content_type": 13, "object_id": "982", "object_repr": "Lizbeth Hernandez - bvtws@accbnet.com", "action_flag": 2, "change_message": "[{\"changed\": {\"fields\": [\"Usuario\", \"Pin\", \"Asignado\"]}}]"}}, {"model": "admin.logentry", "pk": 32, "fields": {"action_time": "2024-12-06T03:58:07.879Z", "user": 1, "content_type": 14, "object_id": "2", "object_repr": "Perfil 2 - Cliente Lizbeth Hernandez", "action_flag": 2, "change_message": "[]"}}, {"model": "admin.logentry", "pk": 33, "fields": {"action_time": "2024-12-06T03:58:57.924Z", "user": 1, "content_type": 13, "object_id": "985", "object_repr": "Karina Espinoza - bvtws@accbnet.com", "action_flag": 2, "change_message": "[{\"changed\": {\"fields\": [\"Usuario\", \"Pin\", \"Asignado\"]}}]"}}, {"model": "admin.logentry", "pk": 34, "fields": {"action_time": "2024-12-06T03:59:05.776Z", "user": 1, "content_type": 14, "object_id": "5", "object_repr": "Perfil 5 - Cliente Karina Espinoza", "action_flag": 1, "change_message": "[{\"added\": {}}]"}}, {"model": "admin.logentry", "pk": 35, "fields": {"action_time": "2024-12-06T04:00:00.790Z", "user": 1, "content_type": 11, "object_id": "2", "object_repr": "Telefono", "action_flag": 1, "change_message": "[{\"added\": {}}]"}}, {"model": "admin.logentry", "pk": 36, "fields": {"action_time": "2024-12-06T04:00:09.813Z", "user": 1, "content_type": 13, "object_id": "986", "object_repr": "Genesis Jima - douchet@accbnet.com", "action_flag": 2, "change_message": "[{\"changed\": {\"fields\": [\"Usuario\", \"Pin\", \"Asignado\"]}}]"}}, {"model": "admin.logentry", "pk": 37, "fields": {"action_time": "2024-12-06T04:00:22.604Z", "user": 1, "content_type": 14, "object_id": "6", "object_repr": "Perfil 6 - Cliente Genesis Jima", "action_flag": 1, "change_message": "[{\"added\": {}}]"}}, {"model": "admin.logentry", "pk": 38, "fields": {"action_time": "2024-12-06T04:00:51.804Z", "user": 1, "content_type": 13, "object_id": "987", "object_repr": "Danilo Zapata - douchet@accbnet.com", "action_flag": 2, "change_message": "[{\"changed\": {\"fields\": [\"Usuario\", \"Pin\", \"Asignado\"]}}]"}}, {"model": "admin.logentry", "pk": 39, "fields": {"action_time": "2024-12-06T04:00:57.787Z", "user": 1, "content_type": 14, "object_id": "7", "object_repr": "Perfil 7 - Cliente Danilo Zapata", "action_flag": 1, "change_message": "[{\"added\": {}}]"}}, {"model": "admin.logentry", "pk": 40, "fields": {"action_time": "2024-12-06T04:01:56.066Z", "user": 1, "content_type": 13, "object_id": "989", "object_repr": "Edgar Rodrigo - douchet@accbnet.com", "action_flag": 2, "change_message": "[{\"changed\": {\"fields\": [\"Usuario\", \"Pin\", \"Asignado\"]}}]"}}, {"model": "admin.logentry", "pk": 41, "fields": {"action_time": "2024-12-06T04:02:06.397Z", "user": 1, "content_type": 14, "object_id": "8", "object_repr": "Perfil 8 - Cliente Edgar Rodrigo", "action_flag": 1, "change_message": "[{\"added\": {}}]"}}, {"model": "admin.logentry", "pk": 42, "fields": {"action_time": "2024-12-06T04:04:14.048Z", "user": 1, "content_type": 13, "object_id": "990", "object_repr": "5 - douchet@accbnet.com", "action_flag": 2, "change_message": "[{\"changed\": {\"fields\": [\"Usuario\", \"Pin\", \"Asignado\"]}}]"}}, {"model": "admin.logentry", "pk": 43, "fields": {"action_time": "2024-12-06T04:04:30.080Z", "user": 1, "content_type": 14, "object_id": "9", "object_repr": "Perfil 9 - Cliente Cliente24", "action_flag": 1, "change_message": "[{\"added\": {}}]"}}, {"model": "admin.logentry", "pk": 44, "fields": {"action_time": "2024-12-06T04:05:03.888Z", "user": 1, "content_type": 13, "object_id": "991", "object_repr": "1 - tvplay47@accbnet.com", "action_flag": 2, "change_message": "[{\"changed\": {\"fields\": [\"Usuario\", \"Pin\", \"Asignado\"]}}]"}}, {"model": "admin.logentry", "pk": 45, "fields": {"action_time": "2024-12-06T04:05:14.885Z", "user": 1, "content_type": 14, "object_id": "10", "object_repr": "Perfil 10 - Cliente Maira Perez", "action_flag": 1, "change_message": "[{\"added\": {}}]"}}, {"model": "admin.logentry", "pk": 46, "fields": {"action_time": "2024-12-06T04:06:12.714Z", "user": 1, "content_type": 13, "object_id": "992", "object_repr": "Alexander Moreno 1 - tvplay47@accbnet.com", "action_flag": 2, "change_message": "[{\"changed\": {\"fields\": [\"Usuario\", \"Pin\", \"Asignado\"]}}]"}}, {"model": "admin.logentry", "pk": 47, "fields": {"action_time": "2024-12-06T04:06:19.531Z", "user": 1, "content_type": 14, "object_id": "11", "object_repr": "Perfil 11 - Cliente Alexander Moreno", "action_flag": 1, "change_message": "[{\"added\": {}}]"}}, {"model": "admin.logentry", "pk": 48, "fields": {"action_time": "2024-12-06T04:06:59.614Z", "user": 1, "content_type": 13, "object_id": "993", "object_repr": "Marylin - tvplay47@accbnet.com", "action_flag": 2, "change_message": "[{\"changed\": {\"fields\": [\"Usuario\", \"Pin\", \"Asignado\"]}}]"}}, {"model": "admin.logentry", "pk": 49, "fields": {"action_time": "2024-12-06T04:07:05.304Z", "user": 1, "content_type": 14, "object_id": "12", "object_repr": "Perfil 12 - Cliente Marylin", "action_flag": 1, "change_message": "[{\"added\": {}}]"}}, {"model": "admin.logentry", "pk": 50, "fields": {"action_time": "2024-12-06T04:07:42.277Z", "user": 1, "content_type": 13, "object_id": "994", "object_repr": "Jose Macas - tvplay47@accbnet.com", "action_flag": 2, "change_message": "[{\"changed\": {\"fields\": [\"Usuario\", \"Pin\", \"Asignado\"]}}]"}}, {"model": "admin.logentry", "pk": 51, "fields": {"action_time": "2024-12-06T04:07:47.895Z", "user": 1, "content_type": 14, "object_id": "13", "object_repr": "Perfil 13 - Cliente Jose Macas", "action_flag": 1, "change_message": "[{\"added\": {}}]"}}, {"model": "admin.logentry", "pk": 52, "fields": {"action_time": "2024-12-06T04:08:28.150Z", "user": 1, "content_type": 13, "object_id": "995", "object_repr": "Jennifer Olaya - tvplay47@accbnet.com", "action_flag": 2, "change_message": "[{\"changed\": {\"fields\": [\"Usuario\", \"Pin\", \"Asignado\"]}}]"}}, {"model": "admin.logentry", "pk": 53, "fields": {"action_time": "2024-12-06T04:08:34.090Z", "user": 1, "content_type": 14, "object_id": "14", "object_repr": "Perfil 14 - Cliente Jennifer Olaya", "action_flag": 1, "change_message": "[{\"added\": {}}]"}}, {"model": "admin.logentry", "pk": 54, "fields": {"action_time": "2024-12-06T04:09:23.746Z", "user": 1, "content_type": 14, "object_id": "13", "object_repr": "Perfil 13 - Cliente Jose Macas", "action_flag": 2, "change_message": "[{\"changed\": {\"fields\": [\"Mes\"]}}]"}}, {"model": "admin.logentry", "pk": 55, "fields": {"action_time": "2024-12-06T04:11:19.908Z", "user": 1, "content_type": 14, "object_id": "13", "object_repr": "Perfil 13 - Cliente Jose Macas", "action_flag": 2, "change_message": "[{\"deleted\": {\"name\": \"historial renovacion\", \"object\": \"Historial de Perfil 13: 2024-11-18 - 3 meses, Correo: tvplay47@accbnet.com, Usuario: Jose Macas\"}}, {\"deleted\": {\"name\": \"historial renovacion\", \"object\": \"Historial de Perfil 13: 2025-02-16 - 2 meses, Correo: tvplay47@accbnet.com, Usuario: Jose Macas\"}}]"}}, {"model": "admin.logentry", "pk": 56, "fields": {"action_time": "2024-12-06T04:12:39.050Z", "user": 1, "content_type": 14, "object_id": "13", "object_repr": "Perfil 13 - Cliente Jose Macas", "action_flag": 3, "change_message": ""}}, {"model": "admin.logentry", "pk": 57, "fields": {"action_time": "2024-12-06T04:13:23.081Z", "user": 1, "content_type": 13, "object_id": "994", "object_repr": "Jose Macas - tvplay47@accbnet.com", "action_flag": 2, "change_message": "[]"}}, {"model": "admin.logentry", "pk": 58, "fields": {"action_time": "2024-12-06T04:13:31.231Z", "user": 1, "content_type": 14, "object_id": "15", "object_repr": "Perfil 15 - Cliente Jose Macas", "action_flag": 1, "change_message": "[{\"added\": {}}]"}}, {"model": "admin.logentry", "pk": 59, "fields": {"action_time": "2024-12-06T04:14:12.886Z", "user": 1, "content_type": 13, "object_id": "996", "object_repr": "1 - tenis@accbnet.com", "action_flag": 2, "change_message": "[{\"changed\": {\"fields\": [\"Usuario\", \"Pin\", \"Asignado\"]}}]"}}, {"model": "admin.logentry", "pk": 60, "fields": {"action_time": "2024-12-06T04:14:17.114Z", "user": 1, "content_type": 14, "object_id": "16", "object_repr": "Perfil 16 - Cliente Genesis Rojas", "action_flag": 1, "change_message": "[{\"added\": {}}]"}}, {"model": "admin.logentry", "pk": 61, "fields": {"action_time": "2024-12-06T04:14:53.729Z", "user": 1, "content_type": 13, "object_id": "997", "object_repr": "5 - tenis@accbnet.com", "action_flag": 2, "change_message": "[{\"changed\": {\"fields\": [\"Usuario\", \"Pin\", \"Asignado\"]}}]"}}, {"model": "admin.logentry", "pk": 62, "fields": {"action_time": "2024-12-06T04:14:58.108Z", "user": 1, "content_type": 14, "object_id": "17", "object_repr": "Perfil 17 - Cliente Michael Ortega", "action_flag": 1, "change_message": "[{\"added\": {}}]"}}, {"model": "admin.logentry", "pk": 63, "fields": {"action_time": "2024-12-06T04:15:27.340Z", "user": 1, "content_type": 13, "object_id": "998", "object_repr": "David Perez - tenis@accbnet.com", "action_flag": 2, "change_message": "[{\"changed\": {\"fields\": [\"Usuario\", \"Pin\", \"Asignado\"]}}]"}}, {"model": "admin.logentry", "pk": 64, "fields": {"action_time": "2024-12-06T04:15:31.198Z", "user": 1, "content_type": 14, "object_id": "18", "object_repr": "Perfil 18 - Cliente David Perez", "action_flag": 1, "change_message": "[{\"added\": {}}]"}}, {"model": "admin.logentry", "pk": 65, "fields": {"action_time": "2024-12-06T04:15:57.969Z", "user": 1, "content_type": 13, "object_id": "999", "object_repr": "Bayron Maldonado - tenis@accbnet.com", "action_flag": 2, "change_message": "[{\"changed\": {\"fields\": [\"Usuario\", \"Pin\", \"Asignado\"]}}]"}}, {"model": "admin.logentry", "pk": 66, "fields": {"action_time": "2024-12-06T04:16:03.951Z", "user": 1, "content_type": 14, "object_id": "19", "object_repr": "Perfil 19 - Cliente Bayron Maldonado", "action_flag": 1, "change_message": "[{\"added\": {}}]"}}, {"model": "admin.logentry", "pk": 67, "fields": {"action_time": "2024-12-06T04:16:34.518Z", "user": 1, "content_type": 13, "object_id": "1000", "object_repr": "Willy Delgado - tenis@accbnet.com", "action_flag": 2, "change_message": "[{\"changed\": {\"fields\": [\"Usuario\", \"Pin\", \"Asignado\"]}}]"}}, {"model": "admin.logentry", "pk": 68, "fields": {"action_time": "2024-12-06T04:16:39.023Z", "user": 1, "content_type": 14, "object_id": "20", "object_repr": "Perfil 20 - Cliente Willy Delgado", "action_flag": 1, "change_message": "[{\"added\": {}}]"}}, {"model": "admin.logentry", "pk": 69, "fields": {"action_time": "2024-12-06T04:17:10.051Z", "user": 1, "content_type": 13, "object_id": "1001", "object_repr": "Cindy Ortega - jotfrouss@accbnet.com", "action_flag": 2, "change_message": "[{\"changed\": {\"fields\": [\"Usuario\", \"Pin\", \"Asignado\"]}}]"}}, {"model": "admin.logentry", "pk": 70, "fields": {"action_time": "2024-12-06T04:17:13.756Z", "user": 1, "content_type": 14, "object_id": "21", "object_repr": "Perfil 21 - Cliente Cindy Ortega", "action_flag": 1, "change_message": "[{\"added\": {}}]"}}, {"model": "admin.logentry", "pk": 71, "fields": {"action_time": "2024-12-06T04:17:43.867Z", "user": 1, "content_type": 13, "object_id": "1002", "object_repr": "4 - jotfrouss@accbnet.com", "action_flag": 2, "change_message": "[{\"changed\": {\"fields\": [\"Usuario\", \"Pin\", \"Asignado\"]}}]"}}, {"model": "admin.logentry", "pk": 72, "fields": {"action_time": "2024-12-06T04:17:49.227Z", "user": 1, "content_type": 14, "object_id": "22", "object_repr": "Perfil 22 - Cliente Nayeli Rios", "action_flag": 1, "change_message": "[{\"added\": {}}]"}}, {"model": "admin.logentry", "pk": 73, "fields": {"action_time": "2024-12-06T04:18:40.705Z", "user": 1, "content_type": 13, "object_id": "1004", "object_repr": "Kerly 1 - jotfrouss@accbnet.com", "action_flag": 2, "change_message": "[{\"changed\": {\"fields\": [\"Usuario\", \"Pin\", \"Asignado\"]}}]"}}, {"model": "admin.logentry", "pk": 74, "fields": {"action_time": "2024-12-06T04:18:50.666Z", "user": 1, "content_type": 14, "object_id": "23", "object_repr": "Perfil 23 - Cliente Kerly", "action_flag": 1, "change_message": "[{\"added\": {}}]"}}, {"model": "admin.logentry", "pk": 75, "fields": {"action_time": "2024-12-06T04:19:12.552Z", "user": 1, "content_type": 13, "object_id": "1005", "object_repr": "Kerly 2 - jotfrouss@accbnet.com", "action_flag": 2, "change_message": "[{\"changed\": {\"fields\": [\"Usuario\", \"Pin\", \"Asignado\"]}}]"}}, {"model": "admin.logentry", "pk": 76, "fields": {"action_time": "2024-12-06T04:19:17.354Z", "user": 1, "content_type": 14, "object_id": "24", "object_repr": "Perfil 24 - Cliente Kerly", "action_flag": 1, "change_message": "[{\"added\": {}}]"}}, {"model": "admin.logentry", "pk": 77, "fields": {"action_time": "2024-12-06T04:20:21.965Z", "user": 1, "content_type": 13, "object_id": "1006", "object_repr": "Hubert Motato - rouss345@accbnet.com", "action_flag": 2, "change_message": "[{\"changed\": {\"fields\": [\"Usuario\", \"Pin\", \"Asignado\"]}}]"}}, {"model": "admin.logentry", "pk": 78, "fields": {"action_time": "2024-12-06T04:21:05.775Z", "user": 1, "content_type": 12, "object_id": "11", "object_repr": "Netflix Cuenta Completa", "action_flag": 1, "change_message": "[{\"added\": {}}]"}}, {"model": "admin.logentry", "pk": 79, "fields": {"action_time": "2024-12-06T04:21:15.804Z", "user": 1, "content_type": 14, "object_id": "25", "object_repr": "Perfil 25 - Cliente Hubert Motato", "action_flag": 1, "change_message": "[{\"added\": {}}]"}}, {"model": "admin.logentry", "pk": 80, "fields": {"action_time": "2024-12-06T04:21:53.609Z", "user": 1, "content_type": 13, "object_id": "1007", "object_repr": "1-2-3-4-5 - rouss345@accbnet.com", "action_flag": 2, "change_message": "[{\"changed\": {\"fields\": [\"Usuario\", \"Pin\", \"Asignado\"]}}]"}}, {"model": "admin.logentry", "pk": 81, "fields": {"action_time": "2024-12-06T04:21:55.330Z", "user": 1, "content_type": 14, "object_id": "26", "object_repr": "Perfil 26 - Cliente Hubert Motato", "action_flag": 1, "change_message": "[{\"added\": {}}]"}}, {"model": "admin.logentry", "pk": 82, "fields": {"action_time": "2024-12-06T04:22:37.634Z", "user": 1, "content_type": 13, "object_id": "1008", "object_repr": "+593 99 922 6335 - rouss345@accbnet.com", "action_flag": 2, "change_message": "[{\"changed\": {\"fields\": [\"Usuario\", \"Pin\", \"Asignado\"]}}]"}}, {"model": "admin.logentry", "pk": 83, "fields": {"action_time": "2024-12-06T04:22:46.609Z", "user": 1, "content_type": 13, "object_id": "1008", "object_repr": "+593 99 922 6335 - rouss345@accbnet.com", "action_flag": 2, "change_message": "[]"}}, {"model": "admin.logentry", "pk": 84, "fields": {"action_time": "2024-12-06T04:22:57.229Z", "user": 1, "content_type": 13, "object_id": "1008", "object_repr": "1-2-3-4-5 - rouss345@accbnet.com", "action_flag": 2, "change_message": "[{\"changed\": {\"fields\": [\"Usuario\"]}}]"}}, {"model": "admin.logentry", "pk": 85, "fields": {"action_time": "2024-12-06T04:22:59.489Z", "user": 1, "content_type": 14, "object_id": "27", "object_repr": "Perfil 27 - Cliente Hubert Motato", "action_flag": 1, "change_message": "[{\"added\": {}}]"}}, {"model": "admin.logentry", "pk": 86, "fields": {"action_time": "2024-12-06T04:23:37.315Z", "user": 1, "content_type": 13, "object_id": "1009", "object_repr": "1-2-3-4-5 - rouss345@accbnet.com", "action_flag": 2, "change_message": "[{\"changed\": {\"fields\": [\"Usuario\", \"Pin\", \"Asignado\"]}}]"}}, {"model": "admin.logentry", "pk": 87, "fields": {"action_time": "2024-12-06T04:23:41.382Z", "user": 1, "content_type": 14, "object_id": "28", "object_repr": "Perfil 28 - Cliente Hubert Motato", "action_flag": 1, "change_message": "[{\"added\": {}}]"}}, {"model": "admin.logentry", "pk": 88, "fields": {"action_time": "2024-12-06T04:24:04.645Z", "user": 1, "content_type": 13, "object_id": "1010", "object_repr": "1-2-3-4-5 - rouss345@accbnet.com", "action_flag": 2, "change_message": "[{\"changed\": {\"fields\": [\"Usuario\", \"Pin\", \"Asignado\"]}}]"}}, {"model": "admin.logentry", "pk": 89, "fields": {"action_time": "2024-12-06T04:24:09.388Z", "user": 1, "content_type": 14, "object_id": "29", "object_repr": "Perfil 29 - Cliente Hubert Motato", "action_flag": 1, "change_message": "[{\"added\": {}}]"}}, {"model": "admin.logentry", "pk": 90, "fields": {"action_time": "2024-12-06T04:24:51.634Z", "user": 1, "content_type": 13, "object_id": "1011", "object_repr": "Evy - 23roussnetx@accbnet.com", "action_flag": 2, "change_message": "[{\"changed\": {\"fields\": [\"Usuario\", \"Pin\", \"Asignado\"]}}]"}}, {"model": "admin.logentry", "pk": 91, "fields": {"action_time": "2024-12-06T04:25:01.233Z", "user": 1, "content_type": 14, "object_id": "30", "object_repr": "Perfil 30 - Cliente Evelyn Encarnacion", "action_flag": 1, "change_message": "[{\"added\": {}}]"}}, {"model": "admin.logentry", "pk": 92, "fields": {"action_time": "2024-12-06T04:25:35.632Z", "user": 1, "content_type": 13, "object_id": "1012", "object_repr": "Johanna Cordova - 23roussnetx@accbnet.com", "action_flag": 2, "change_message": "[{\"changed\": {\"fields\": [\"Usuario\", \"Pin\", \"Asignado\"]}}]"}}, {"model": "admin.logentry", "pk": 93, "fields": {"action_time": "2024-12-06T04:26:33.112Z", "user": 1, "content_type": 14, "object_id": "31", "object_repr": "Perfil 31 - Cliente Johanna Cordova", "action_flag": 1, "change_message": "[{\"added\": {}}]"}}, {"model": "admin.logentry", "pk": 94, "fields": {"action_time": "2024-12-06T04:27:19.144Z", "user": 1, "content_type": 13, "object_id": "1013", "object_repr": "Helton Herrera - 23roussnetx@accbnet.com", "action_flag": 2, "change_message": "[{\"changed\": {\"fields\": [\"Usuario\", \"Pin\", \"Asignado\"]}}]"}}, {"model": "admin.logentry", "pk": 95, "fields": {"action_time": "2024-12-06T04:27:49.877Z", "user": 1, "content_type": 14, "object_id": "32", "object_repr": "Perfil 32 - Cliente Helton Herrera", "action_flag": 1, "change_message": "[{\"added\": {}}]"}}, {"model": "admin.logentry", "pk": 96, "fields": {"action_time": "2024-12-06T04:28:11.293Z", "user": 1, "content_type": 13, "object_id": "1014", "object_repr": "4 - 23roussnetx@accbnet.com", "action_flag": 2, "change_message": "[{\"changed\": {\"fields\": [\"Usuario\", \"Pin\", \"Asignado\"]}}]"}}, {"model": "admin.logentry", "pk": 97, "fields": {"action_time": "2024-12-06T04:28:19.673Z", "user": 1, "content_type": 13, "object_id": "1014", "object_repr": "4 - 23roussnetx@accbnet.com", "action_flag": 2, "change_message": "[{\"changed\": {\"fields\": [\"Pin\"]}}]"}}, {"model": "admin.logentry", "pk": 98, "fields": {"action_time": "2024-12-06T04:28:24.380Z", "user": 1, "content_type": 14, "object_id": "33", "object_repr": "Perfil 33 - Cliente Arleth Condoy", "action_flag": 1, "change_message": "[{\"added\": {}}]"}}, {"model": "admin.logentry", "pk": 99, "fields": {"action_time": "2024-12-06T04:28:50.309Z", "user": 1, "content_type": 13, "object_id": "1015", "object_repr": "5 - 23roussnetx@accbnet.com", "action_flag": 2, "change_message": "[{\"changed\": {\"fields\": [\"Usuario\", \"Pin\", \"Asignado\"]}}]"}}, {"model": "admin.logentry", "pk": 100, "fields": {"action_time": "2024-12-06T04:28:54.319Z", "user": 1, "content_type": 14, "object_id": "34", "object_repr": "Perfil 34 - Cliente Carolina Cordova", "action_flag": 1, "change_message": "[{\"added\": {}}]"}}, {"model": "admin.logentry", "pk": 101, "fields": {"action_time": "2024-12-06T04:29:20.483Z", "user": 1, "content_type": 13, "object_id": "1016", "object_repr": "1 - hyndorouss@accbnet.com", "action_flag": 2, "change_message": "[{\"changed\": {\"fields\": [\"Usuario\", \"Pin\", \"Asignado\"]}}]"}}, {"model": "admin.logentry", "pk": 102, "fields": {"action_time": "2024-12-06T04:29:25.656Z", "user": 1, "content_type": 14, "object_id": "35", "object_repr": "Perfil 35 - Cliente Laurissa", "action_flag": 1, "change_message": "[{\"added\": {}}]"}}, {"model": "admin.logentry", "pk": 103, "fields": {"action_time": "2024-12-06T04:30:02.002Z", "user": 1, "content_type": 13, "object_id": "1017", "object_repr": "Juan Medina - hyndorouss@accbnet.com", "action_flag": 2, "change_message": "[{\"changed\": {\"fields\": [\"Usuario\", \"Pin\", \"Asignado\"]}}]"}}, {"model": "admin.logentry", "pk": 104, "fields": {"action_time": "2024-12-06T04:30:10.777Z", "user": 1, "content_type": 14, "object_id": "36", "object_repr": "Perfil 36 - Cliente Juan Medina", "action_flag": 1, "change_message": "[{\"added\": {}}]"}}, {"model": "admin.logentry", "pk": 105, "fields": {"action_time": "2024-12-06T04:30:41.725Z", "user": 1, "content_type": 13, "object_id": "1018", "object_repr": "Erick Lude±a - hyndorouss@accbnet.com", "action_flag": 2, "change_message": "[{\"changed\": {\"fields\": [\"Usuario\", \"Pin\", \"Asignado\"]}}]"}}, {"model": "admin.logentry", "pk": 106, "fields": {"action_time": "2024-12-06T04:30:45.382Z", "user": 1, "content_type": 14, "object_id": "37", "object_repr": "Perfil 37 - Cliente Erick Lude±a", "action_flag": 1, "change_message": "[{\"added\": {}}]"}}, {"model": "admin.logentry", "pk": 107, "fields": {"action_time": "2024-12-06T04:31:26.443Z", "user": 1, "content_type": 13, "object_id": "1019", "object_repr": "Deysi Cando - hyndorouss@accbnet.com", "action_flag": 2, "change_message": "[{\"changed\": {\"fields\": [\"Usuario\", \"Pin\", \"Asignado\"]}}]"}}, {"model": "admin.logentry", "pk": 108, "fields": {"action_time": "2024-12-06T04:31:31.136Z", "user": 1, "content_type": 14, "object_id": "38", "object_repr": "Perfil 38 - Cliente Deysi Cando", "action_flag": 1, "change_message": "[{\"added\": {}}]"}}, {"model": "admin.logentry", "pk": 109, "fields": {"action_time": "2024-12-06T04:32:04.434Z", "user": 1, "content_type": 13, "object_id": "1021", "object_repr": "Niurka Celi - ska81jak@accbnet.com", "action_flag": 2, "change_message": "[{\"changed\": {\"fields\": [\"Usuario\", \"Pin\", \"Asignado\"]}}]"}}, {"model": "admin.logentry", "pk": 110, "fields": {"action_time": "2024-12-06T04:32:09.503Z", "user": 1, "content_type": 14, "object_id": "39", "object_repr": "Perfil 39 - Cliente Niurka Celi", "action_flag": 1, "change_message": "[{\"added\": {}}]"}}, {"model": "admin.logentry", "pk": 111, "fields": {"action_time": "2024-12-06T04:32:52.470Z", "user": 1, "content_type": 13, "object_id": "1022", "object_repr": "EL ELEGANTE - ska81jak@accbnet.com", "action_flag": 2, "change_message": "[{\"changed\": {\"fields\": [\"Usuario\", \"Pin\", \"Asignado\"]}}]"}}, {"model": "admin.logentry", "pk": 112, "fields": {"action_time": "2024-12-06T04:33:03.289Z", "user": 1, "content_type": 14, "object_id": "40", "object_repr": "Perfil 40 - Cliente Esperanza Chavez", "action_flag": 1, "change_message": "[{\"added\": {}}]"}}, {"model": "admin.logentry", "pk": 113, "fields": {"action_time": "2024-12-06T04:33:08.464Z", "user": 1, "content_type": 13, "object_id": "1021", "object_repr": "Niurka Celi - ska81jak@accbnet.com", "action_flag": 2, "change_message": "[]"}}, {"model": "admin.logentry", "pk": 114, "fields": {"action_time": "2024-12-06T04:33:10.216Z", "user": 1, "content_type": 14, "object_id": "39", "object_repr": "Perfil 39 - Cliente Niurka Celi", "action_flag": 2, "change_message": "[]"}}, {"model": "admin.logentry", "pk": 115, "fields": {"action_time": "2024-12-06T04:33:54.380Z", "user": 1, "content_type": 13, "object_id": "1023", "object_repr": "4 - ska81jak@accbnet.com", "action_flag": 2, "change_message": "[{\"changed\": {\"fields\": [\"Usuario\", \"Pin\", \"Asignado\"]}}]"}}, {"model": "admin.logentry", "pk": 116, "fields": {"action_time": "2024-12-06T04:33:58.025Z", "user": 1, "content_type": 14, "object_id": "41", "object_repr": "Perfil 41 - Cliente Cliente20", "action_flag": 1, "change_message": "[{\"added\": {}}]"}}, {"model": "admin.logentry", "pk": 117, "fields": {"action_time": "2024-12-06T04:34:28.854Z", "user": 1, "content_type": 13, "object_id": "1024", "object_repr": "5 - ska81jak@accbnet.com", "action_flag": 2, "change_message": "[{\"changed\": {\"fields\": [\"Usuario\", \"Pin\", \"Asignado\"]}}]"}}, {"model": "admin.logentry", "pk": 118, "fields": {"action_time": "2024-12-06T04:34:32.866Z", "user": 1, "content_type": 14, "object_id": "42", "object_repr": "Perfil 42 - Cliente Mercedes A±azco", "action_flag": 1, "change_message": "[{\"added\": {}}]"}}, {"model": "admin.logentry", "pk": 119, "fields": {"action_time": "2024-12-06T04:35:02.810Z", "user": 1, "content_type": 13, "object_id": "1026", "object_repr": "Ronald - sonmusic@accbnet.com", "action_flag": 2, "change_message": "[{\"changed\": {\"fields\": [\"Usuario\", \"Pin\", \"Asignado\"]}}]"}}, {"model": "admin.logentry", "pk": 120, "fields": {"action_time": "2024-12-06T04:35:06.336Z", "user": 1, "content_type": 14, "object_id": "43", "object_repr": "Perfil 43 - Cliente Cliente22", "action_flag": 1, "change_message": "[{\"added\": {}}]"}}, {"model": "admin.logentry", "pk": 121, "fields": {"action_time": "2024-12-06T04:35:42.488Z", "user": 1, "content_type": 13, "object_id": "1027", "object_repr": "Carlos Torrelles 2 - sonmusic@accbnet.com", "action_flag": 2, "change_message": "[{\"changed\": {\"fields\": [\"Usuario\", \"Pin\", \"Asignado\"]}}]"}}, {"model": "admin.logentry", "pk": 122, "fields": {"action_time": "2024-12-06T04:35:47.683Z", "user": 1, "content_type": 14, "object_id": "44", "object_repr": "Perfil 44 - Cliente Carlos Torrelles", "action_flag": 1, "change_message": "[{\"added\": {}}]"}}, {"model": "admin.logentry", "pk": 123, "fields": {"action_time": "2024-12-06T04:35:54.155Z", "user": 1, "content_type": 13, "object_id": "1026", "object_repr": "Ronald - sonmusic@accbnet.com", "action_flag": 2, "change_message": "[]"}}, {"model": "admin.logentry", "pk": 124, "fields": {"action_time": "2024-12-06T04:35:58.164Z", "user": 1, "content_type": 14, "object_id": "43", "object_repr": "Perfil 43 - Cliente Cliente22", "action_flag": 2, "change_message": "[]"}}, {"model": "admin.logentry", "pk": 125, "fields": {"action_time": "2024-12-06T04:37:06.670Z", "user": 1, "content_type": 7, "object_id": "142", "object_repr": "Alexander Moreno", "action_flag": 1, "change_message": "[{\"added\": {}}]"}}, {"model": "admin.logentry", "pk": 126, "fields": {"action_time": "2024-12-06T04:37:23.188Z", "user": 1, "content_type": 13, "object_id": "1028", "object_repr": "Alexander Moreno 2 - sonmusic@accbnet.com", "action_flag": 2, "change_message": "[{\"changed\": {\"fields\": [\"Usuario\", \"Pin\", \"Asignado\"]}}]"}}, {"model": "admin.logentry", "pk": 127, "fields": {"action_time": "2024-12-06T04:37:26.879Z", "user": 1, "content_type": 14, "object_id": "45", "object_repr": "Perfil 45 - Cliente Alexander Moreno", "action_flag": 1, "change_message": "[{\"added\": {}}]"}}, {"model": "admin.logentry", "pk": 128, "fields": {"action_time": "2024-12-06T04:38:30.655Z", "user": 1, "content_type": 13, "object_id": "1029", "object_repr": "Nayeli - sonmusic@accbnet.com", "action_flag": 2, "change_message": "[{\"changed\": {\"fields\": [\"Usuario\", \"Pin\", \"Asignado\"]}}]"}}, {"model": "admin.logentry", "pk": 129, "fields": {"action_time": "2024-12-06T04:38:43.116Z", "user": 1, "content_type": 14, "object_id": "46", "object_repr": "Perfil 46 - Cliente Mirella Mogollon", "action_flag": 1, "change_message": "[{\"added\": {}}]"}}, {"model": "admin.logentry", "pk": 130, "fields": {"action_time": "2024-12-06T04:39:11.906Z", "user": 1, "content_type": 13, "object_id": "1030", "object_repr": "Mirella - sonmusic@accbnet.com", "action_flag": 2, "change_message": "[{\"changed\": {\"fields\": [\"Usuario\", \"Pin\", \"Asignado\"]}}]"}}, {"model": "admin.logentry", "pk": 131, "fields": {"action_time": "2024-12-06T04:39:15.309Z", "user": 1, "content_type": 14, "object_id": "47", "object_repr": "Perfil 47 - Cliente Mirella Mogollon", "action_flag": 1, "change_message": "[{\"added\": {}}]"}}, {"model": "admin.logentry", "pk": 132, "fields": {"action_time": "2024-12-06T04:39:53.788Z", "user": 1, "content_type": 13, "object_id": "1031", "object_repr": "Mayelly - mangirouss@accbnet.com", "action_flag": 2, "change_message": "[{\"changed\": {\"fields\": [\"Usuario\", \"Pin\", \"Asignado\"]}}]"}}, {"model": "admin.logentry", "pk": 133, "fields": {"action_time": "2024-12-06T04:40:02.754Z", "user": 1, "content_type": 14, "object_id": "48", "object_repr": "Perfil 48 - Cliente Mirella Mogollon", "action_flag": 1, "change_message": "[{\"added\": {}}]"}}, {"model": "admin.logentry", "pk": 134, "fields": {"action_time": "2024-12-06T04:40:41.515Z", "user": 1, "content_type": 13, "object_id": "1032", "object_repr": "Solanye - mangirouss@accbnet.com", "action_flag": 2, "change_message": "[{\"changed\": {\"fields\": [\"Usuario\", \"Pin\", \"Asignado\"]}}]"}}, {"model": "admin.logentry", "pk": 135, "fields": {"action_time": "2024-12-06T04:40:49.145Z", "user": 1, "content_type": 14, "object_id": "49", "object_repr": "Perfil 49 - Cliente Solanye Pesantez", "action_flag": 1, "change_message": "[{\"added\": {}}]"}}, {"model": "admin.logentry", "pk": 136, "fields": {"action_time": "2024-12-06T04:41:09.349Z", "user": 1, "content_type": 13, "object_id": "1033", "object_repr": "Jorge - mangirouss@accbnet.com", "action_flag": 2, "change_message": "[{\"changed\": {\"fields\": [\"Usuario\", \"Pin\", \"Asignado\"]}}]"}}, {"model": "admin.logentry", "pk": 137, "fields": {"action_time": "2024-12-06T04:41:13.951Z", "user": 1, "content_type": 14, "object_id": "50", "object_repr": "Perfil 50 - Cliente Dora", "action_flag": 1, "change_message": "[{\"added\": {}}]"}}, {"model": "admin.logentry", "pk": 138, "fields": {"action_time": "2024-12-06T04:41:18.996Z", "user": 1, "content_type": 13, "object_id": "1032", "object_repr": "Solanye - mangirouss@accbnet.com", "action_flag": 2, "change_message": "[]"}}, {"model": "admin.logentry", "pk": 139, "fields": {"action_time": "2024-12-06T04:42:33.059Z", "user": 1, "content_type": 13, "object_id": "1034", "object_repr": "Evelyn - mangirouss@accbnet.com", "action_flag": 2, "change_message": "[{\"changed\": {\"fields\": [\"Usuario\", \"Pin\", \"Asignado\"]}}]"}}, {"model": "admin.logentry", "pk": 140, "fields": {"action_time": "2024-12-06T04:42:36.538Z", "user": 1, "content_type": 14, "object_id": "51", "object_repr": "Perfil 51 - Cliente Mirella Mogollon", "action_flag": 1, "change_message": "[{\"added\": {}}]"}}, {"model": "admin.logentry", "pk": 141, "fields": {"action_time": "2024-12-06T04:43:43.408Z", "user": 1, "content_type": 8, "object_id": "12", "object_repr": "mangiro1231uss@accbnet.com", "action_flag": 2, "change_message": "[{\"changed\": {\"fields\": [\"Correo cuenta\"]}}]"}}, {"model": "admin.logentry", "pk": 142, "fields": {"action_time": "2024-12-06T04:44:27.266Z", "user": 1, "content_type": 8, "object_id": "12", "object_repr": "mangiro1231uss@accbnet.com", "action_flag": 3, "change_message": ""}}, {"model": "admin.logentry", "pk": 143, "fields": {"action_time": "2024-12-06T04:44:56.869Z", "user": 1, "content_type": 13, "object_id": "1041", "object_repr": "1 - loprrouss@accbnet.com", "action_flag": 2, "change_message": "[{\"changed\": {\"fields\": [\"Usuario\", \"Pin\", \"Asignado\"]}}]"}}, {"model": "admin.logentry", "pk": 144, "fields": {"action_time": "2024-12-06T04:44:59.949Z", "user": 1, "content_type": 14, "object_id": "52", "object_repr": "Perfil 52 - Cliente Paulina", "action_flag": 1, "change_message": "[{\"added\": {}}]"}}, {"model": "admin.logentry", "pk": 145, "fields": {"action_time": "2024-12-06T04:45:36.465Z", "user": 1, "content_type": 13, "object_id": "1042", "object_repr": "Marcia - loprrouss@accbnet.com", "action_flag": 2, "change_message": "[{\"changed\": {\"fields\": [\"Usuario\", \"Pin\", \"Asignado\"]}}]"}}, {"model": "admin.logentry", "pk": 146, "fields": {"action_time": "2024-12-06T04:45:41.405Z", "user": 1, "content_type": 14, "object_id": "53", "object_repr": "Perfil 53 - Cliente Marypaz", "action_flag": 1, "change_message": "[{\"added\": {}}]"}}, {"model": "admin.logentry", "pk": 147, "fields": {"action_time": "2024-12-06T04:46:08.163Z", "user": 1, "content_type": 13, "object_id": "1043", "object_repr": "Kiana - loprrouss@accbnet.com", "action_flag": 2, "change_message": "[{\"changed\": {\"fields\": [\"Usuario\", \"Pin\", \"Asignado\"]}}]"}}, {"model": "admin.logentry", "pk": 148, "fields": {"action_time": "2024-12-06T04:46:11.449Z", "user": 1, "content_type": 14, "object_id": "54", "object_repr": "Perfil 54 - Cliente Kiana", "action_flag": 1, "change_message": "[{\"added\": {}}]"}}, {"model": "admin.logentry", "pk": 149, "fields": {"action_time": "2024-12-06T04:46:45.577Z", "user": 1, "content_type": 13, "object_id": "1044", "object_repr": "Sol - loprrouss@accbnet.com", "action_flag": 2, "change_message": "[{\"changed\": {\"fields\": [\"Usuario\", \"Pin\", \"Asignado\"]}}]"}}, {"model": "admin.logentry", "pk": 150, "fields": {"action_time": "2024-12-06T04:46:52.794Z", "user": 1, "content_type": 14, "object_id": "55", "object_repr": "Perfil 55 - Cliente Milton Astudillo", "action_flag": 1, "change_message": "[{\"added\": {}}]"}}, {"model": "admin.logentry", "pk": 151, "fields": {"action_time": "2024-12-06T04:47:16.922Z", "user": 1, "content_type": 13, "object_id": "1045", "object_repr": "Darwin Monrroy - loprrouss@accbnet.com", "action_flag": 2, "change_message": "[{\"changed\": {\"fields\": [\"Usuario\", \"Pin\", \"Asignado\"]}}]"}}, {"model": "admin.logentry", "pk": 152, "fields": {"action_time": "2024-12-06T04:47:20.422Z", "user": 1, "content_type": 14, "object_id": "56", "object_repr": "Perfil 56 - Cliente Darwin Monrroy", "action_flag": 1, "change_message": "[{\"added\": {}}]"}}, {"model": "admin.logentry", "pk": 153, "fields": {"action_time": "2024-12-06T04:48:12.040Z", "user": 1, "content_type": 13, "object_id": "1046", "object_repr": "Anthony - hent@accbnet.com", "action_flag": 2, "change_message": "[{\"changed\": {\"fields\": [\"Usuario\", \"Pin\", \"Asignado\"]}}]"}}, {"model": "admin.logentry", "pk": 154, "fields": {"action_time": "2024-12-06T04:48:15.314Z", "user": 1, "content_type": 14, "object_id": "57", "object_repr": "Perfil 57 - Cliente Dora", "action_flag": 1, "change_message": "[{\"added\": {}}]"}}, {"model": "admin.logentry", "pk": 155, "fields": {"action_time": "2024-12-06T04:48:39.882Z", "user": 1, "content_type": 13, "object_id": "1047", "object_repr": "Carlos Torrelles - hent@accbnet.com", "action_flag": 2, "change_message": "[{\"changed\": {\"fields\": [\"Usuario\", \"Pin\", \"Asignado\"]}}]"}}, {"model": "admin.logentry", "pk": 156, "fields": {"action_time": "2024-12-06T04:48:44.178Z", "user": 1, "content_type": 14, "object_id": "58", "object_repr": "Perfil 58 - Cliente Carlos Torrelles", "action_flag": 1, "change_message": "[{\"added\": {}}]"}}, {"model": "admin.logentry", "pk": 157, "fields": {"action_time": "2024-12-06T04:49:24.025Z", "user": 1, "content_type": 13, "object_id": "1048", "object_repr": "Ariel - hent@accbnet.com", "action_flag": 2, "change_message": "[{\"changed\": {\"fields\": [\"Usuario\", \"Pin\", \"Asignado\"]}}]"}}, {"model": "admin.logentry", "pk": 158, "fields": {"action_time": "2024-12-06T04:49:27.974Z", "user": 1, "content_type": 14, "object_id": "59", "object_repr": "Perfil 59 - Cliente Cliente22", "action_flag": 1, "change_message": "[{\"added\": {}}]"}}, {"model": "admin.logentry", "pk": 159, "fields": {"action_time": "2024-12-06T04:50:19.844Z", "user": 1, "content_type": 13, "object_id": "1049", "object_repr": "Luciana Silva - hent@accbnet.com", "action_flag": 2, "change_message": "[{\"changed\": {\"fields\": [\"Usuario\", \"Pin\", \"Asignado\"]}}]"}}, {"model": "admin.logentry", "pk": 160, "fields": {"action_time": "2024-12-06T04:50:25.145Z", "user": 1, "content_type": 14, "object_id": "60", "object_repr": "Perfil 60 - Cliente Luciana Silva", "action_flag": 1, "change_message": "[{\"added\": {}}]"}}, {"model": "admin.logentry", "pk": 161, "fields": {"action_time": "2024-12-06T04:50:59.465Z", "user": 1, "content_type": 13, "object_id": "1050", "object_repr": "Conny Roxana - hent@accbnet.com", "action_flag": 2, "change_message": "[{\"changed\": {\"fields\": [\"Usuario\", \"Pin\", \"Asignado\"]}}]"}}, {"model": "admin.logentry", "pk": 162, "fields": {"action_time": "2024-12-06T04:51:06.888Z", "user": 1, "content_type": 14, "object_id": "61", "object_repr": "Perfil 61 - Cliente Conny Roxana", "action_flag": 1, "change_message": "[{\"added\": {}}]"}}, {"model": "admin.logentry", "pk": 163, "fields": {"action_time": "2024-12-06T04:51:35.082Z", "user": 1, "content_type": 13, "object_id": "1051", "object_repr": "Luis Linares - roussdil@accbnet.com", "action_flag": 2, "change_message": "[{\"changed\": {\"fields\": [\"Usuario\", \"Pin\", \"Asignado\"]}}]"}}, {"model": "admin.logentry", "pk": 164, "fields": {"action_time": "2024-12-06T04:51:39.166Z", "user": 1, "content_type": 14, "object_id": "62", "object_repr": "Perfil 62 - Cliente Luis Linares", "action_flag": 1, "change_message": "[{\"added\": {}}]"}}, {"model": "admin.logentry", "pk": 165, "fields": {"action_time": "2024-12-06T04:52:12.185Z", "user": 1, "content_type": 13, "object_id": "1052", "object_repr": "Evelyn Vizuete - roussdil@accbnet.com", "action_flag": 2, "change_message": "[{\"changed\": {\"fields\": [\"Usuario\", \"Pin\", \"Asignado\"]}}]"}}, {"model": "admin.logentry", "pk": 166, "fields": {"action_time": "2024-12-06T04:52:18.251Z", "user": 1, "content_type": 14, "object_id": "63", "object_repr": "Perfil 63 - Cliente Evelyn Vizuete", "action_flag": 1, "change_message": "[{\"added\": {}}]"}}, {"model": "admin.logentry", "pk": 167, "fields": {"action_time": "2024-12-06T04:52:44.462Z", "user": 1, "content_type": 13, "object_id": "1053", "object_repr": "Yosmery Coronoto - roussdil@accbnet.com", "action_flag": 2, "change_message": "[{\"changed\": {\"fields\": [\"Usuario\", \"Pin\", \"Asignado\"]}}]"}}, {"model": "admin.logentry", "pk": 168, "fields": {"action_time": "2024-12-06T04:52:47.899Z", "user": 1, "content_type": 14, "object_id": "64", "object_repr": "Perfil 64 - Cliente Yosmery Coronoto", "action_flag": 1, "change_message": "[{\"added\": {}}]"}}, {"model": "admin.logentry", "pk": 169, "fields": {"action_time": "2024-12-06T04:53:12.831Z", "user": 1, "content_type": 13, "object_id": "1054", "object_repr": "Jorge Preciado - roussdil@accbnet.com", "action_flag": 2, "change_message": "[{\"changed\": {\"fields\": [\"Usuario\", \"Pin\", \"Asignado\"]}}]"}}, {"model": "admin.logentry", "pk": 170, "fields": {"action_time": "2024-12-06T04:53:17.254Z", "user": 1, "content_type": 14, "object_id": "65", "object_repr": "Perfil 65 - Cliente Jorge Preciado", "action_flag": 1, "change_message": "[{\"added\": {}}]"}}, {"model": "admin.logentry", "pk": 171, "fields": {"action_time": "2024-12-06T04:53:41.060Z", "user": 1, "content_type": 13, "object_id": "1055", "object_repr": "Rosmary Yajune - roussdil@accbnet.com", "action_flag": 2, "change_message": "[{\"changed\": {\"fields\": [\"Usuario\", \"Pin\", \"Asignado\"]}}]"}}, {"model": "admin.logentry", "pk": 172, "fields": {"action_time": "2024-12-06T04:53:45.404Z", "user": 1, "content_type": 14, "object_id": "66", "object_repr": "Perfil 66 - Cliente Rosmary Yajune", "action_flag": 1, "change_message": "[{\"added\": {}}]"}}, {"model": "admin.logentry", "pk": 173, "fields": {"action_time": "2024-12-06T04:54:38.419Z", "user": 1, "content_type": 13, "object_id": "1056", "object_repr": "1 - jonax21@accbnet.com", "action_flag": 2, "change_message": "[{\"changed\": {\"fields\": [\"Usuario\", \"Pin\", \"Asignado\"]}}]"}}, {"model": "admin.logentry", "pk": 174, "fields": {"action_time": "2024-12-06T04:54:45.116Z", "user": 1, "content_type": 14, "object_id": "67", "object_repr": "Perfil 67 - Cliente Cliente25", "action_flag": 1, "change_message": "[{\"added\": {}}]"}}, {"model": "admin.logentry", "pk": 175, "fields": {"action_time": "2024-12-06T04:55:12.520Z", "user": 1, "content_type": 13, "object_id": "1057", "object_repr": "Yadira Leon - jonax21@accbnet.com", "action_flag": 2, "change_message": "[{\"changed\": {\"fields\": [\"Usuario\", \"Pin\", \"Asignado\"]}}]"}}, {"model": "admin.logentry", "pk": 176, "fields": {"action_time": "2024-12-06T04:55:16.968Z", "user": 1, "content_type": 14, "object_id": "68", "object_repr": "Perfil 68 - Cliente Yadira Leon", "action_flag": 1, "change_message": "[{\"added\": {}}]"}}, {"model": "admin.logentry", "pk": 177, "fields": {"action_time": "2024-12-06T04:55:46.418Z", "user": 1, "content_type": 13, "object_id": "1058", "object_repr": "5 - jonax21@accbnet.com", "action_flag": 2, "change_message": "[{\"changed\": {\"fields\": [\"Usuario\", \"Pin\", \"Asignado\"]}}]"}}, {"model": "admin.logentry", "pk": 178, "fields": {"action_time": "2024-12-06T04:55:49.346Z", "user": 1, "content_type": 14, "object_id": "69", "object_repr": "Perfil 69 - Cliente Cliente33", "action_flag": 1, "change_message": "[{\"added\": {}}]"}}, {"model": "admin.logentry", "pk": 179, "fields": {"action_time": "2024-12-06T04:56:14.913Z", "user": 1, "content_type": 13, "object_id": "1059", "object_repr": "Lady - jonax21@accbnet.com", "action_flag": 2, "change_message": "[{\"changed\": {\"fields\": [\"Usuario\", \"Pin\", \"Asignado\"]}}]"}}, {"model": "admin.logentry", "pk": 180, "fields": {"action_time": "2024-12-06T04:56:18.764Z", "user": 1, "content_type": 14, "object_id": "70", "object_repr": "Perfil 70 - Cliente Lady", "action_flag": 1, "change_message": "[{\"added\": {}}]"}}, {"model": "admin.logentry", "pk": 181, "fields": {"action_time": "2024-12-06T04:56:53.973Z", "user": 1, "content_type": 13, "object_id": "1060", "object_repr": "Danny Valladol - jonax21@accbnet.com", "action_flag": 2, "change_message": "[{\"changed\": {\"fields\": [\"Usuario\", \"Pin\", \"Asignado\"]}}]"}}, {"model": "admin.logentry", "pk": 182, "fields": {"action_time": "2024-12-06T04:56:57.480Z", "user": 1, "content_type": 14, "object_id": "71", "object_repr": "Perfil 71 - Cliente Danny Valladol", "action_flag": 1, "change_message": "[{\"added\": {}}]"}}, {"model": "admin.logentry", "pk": 183, "fields": {"action_time": "2024-12-06T04:57:30.377Z", "user": 1, "content_type": 13, "object_id": "1061", "object_repr": "1 - dunstouss@accbnet.com", "action_flag": 2, "change_message": "[{\"changed\": {\"fields\": [\"Usuario\", \"Pin\", \"Asignado\"]}}]"}}, {"model": "admin.logentry", "pk": 184, "fields": {"action_time": "2024-12-06T04:57:34.499Z", "user": 1, "content_type": 14, "object_id": "72", "object_repr": "Perfil 72 - Cliente Ana Vinces", "action_flag": 1, "change_message": "[{\"added\": {}}]"}}, {"model": "admin.logentry", "pk": 185, "fields": {"action_time": "2024-12-06T04:58:02.178Z", "user": 1, "content_type": 13, "object_id": "1062", "object_repr": "Ronald Tenesaca - dunstouss@accbnet.com", "action_flag": 2, "change_message": "[{\"changed\": {\"fields\": [\"Usuario\", \"Pin\", \"Asignado\"]}}]"}}, {"model": "admin.logentry", "pk": 186, "fields": {"action_time": "2024-12-06T04:58:12.775Z", "user": 1, "content_type": 14, "object_id": "73", "object_repr": "Perfil 73 - Cliente Ronald Tenesaca", "action_flag": 1, "change_message": "[{\"added\": {}}]"}}, {"model": "admin.logentry", "pk": 187, "fields": {"action_time": "2024-12-06T04:58:33.815Z", "user": 1, "content_type": 13, "object_id": "1063", "object_repr": "5 - dunstouss@accbnet.com", "action_flag": 2, "change_message": "[{\"changed\": {\"fields\": [\"Usuario\", \"Pin\", \"Asignado\"]}}]"}}, {"model": "admin.logentry", "pk": 188, "fields": {"action_time": "2024-12-06T04:58:36.705Z", "user": 1, "content_type": 14, "object_id": "74", "object_repr": "Perfil 74 - Cliente Rocio", "action_flag": 1, "change_message": "[{\"added\": {}}]"}}, {"model": "admin.logentry", "pk": 189, "fields": {"action_time": "2024-12-06T04:58:56.567Z", "user": 1, "content_type": 13, "object_id": "1064", "object_repr": "Kimberlin Cepeda - dunstouss@accbnet.com", "action_flag": 2, "change_message": "[{\"changed\": {\"fields\": [\"Usuario\", \"Pin\", \"Asignado\"]}}]"}}, {"model": "admin.logentry", "pk": 190, "fields": {"action_time": "2024-12-06T04:59:00.856Z", "user": 1, "content_type": 14, "object_id": "75", "object_repr": "Perfil 75 - Cliente Kimberlin Cepeda", "action_flag": 1, "change_message": "[{\"added\": {}}]"}}, {"model": "admin.logentry", "pk": 191, "fields": {"action_time": "2024-12-06T04:59:22.236Z", "user": 1, "content_type": 13, "object_id": "1065", "object_repr": "Pardo - dunstouss@accbnet.com", "action_flag": 2, "change_message": "[{\"changed\": {\"fields\": [\"Usuario\", \"Pin\", \"Asignado\"]}}]"}}, {"model": "admin.logentry", "pk": 192, "fields": {"action_time": "2024-12-06T04:59:30.597Z", "user": 1, "content_type": 14, "object_id": "76", "object_repr": "Perfil 76 - Cliente Pardo", "action_flag": 1, "change_message": "[{\"added\": {}}]"}}, {"model": "admin.logentry", "pk": 193, "fields": {"action_time": "2024-12-06T05:00:01.846Z", "user": 1, "content_type": 13, "object_id": "1066", "object_repr": "Wagner Fajardo - trb0044500@accbnet.com", "action_flag": 2, "change_message": "[{\"changed\": {\"fields\": [\"Usuario\", \"Pin\", \"Asignado\"]}}]"}}, {"model": "admin.logentry", "pk": 194, "fields": {"action_time": "2024-12-06T05:00:05.914Z", "user": 1, "content_type": 14, "object_id": "77", "object_repr": "Perfil 77 - Cliente Wagner Fajardo", "action_flag": 1, "change_message": "[{\"added\": {}}]"}}, {"model": "admin.logentry", "pk": 195, "fields": {"action_time": "2024-12-06T05:00:38.160Z", "user": 1, "content_type": 13, "object_id": "1067", "object_repr": "Manuel Valecillos 1 - trb0044500@accbnet.com", "action_flag": 2, "change_message": "[{\"changed\": {\"fields\": [\"Usuario\", \"Pin\", \"Asignado\"]}}]"}}, {"model": "admin.logentry", "pk": 196, "fields": {"action_time": "2024-12-06T05:00:42.771Z", "user": 1, "content_type": 14, "object_id": "78", "object_repr": "Perfil 78 - Cliente Manuel Valecillos", "action_flag": 1, "change_message": "[{\"added\": {}}]"}}, {"model": "admin.logentry", "pk": 197, "fields": {"action_time": "2024-12-06T05:01:11.321Z", "user": 1, "content_type": 13, "object_id": "1068", "object_repr": "Verito - trb0044500@accbnet.com", "action_flag": 2, "change_message": "[{\"changed\": {\"fields\": [\"Usuario\", \"Pin\", \"Asignado\"]}}]"}}, {"model": "admin.logentry", "pk": 198, "fields": {"action_time": "2024-12-06T05:01:19.139Z", "user": 1, "content_type": 14, "object_id": "79", "object_repr": "Perfil 79 - Cliente Veronica Camacho", "action_flag": 1, "change_message": "[{\"added\": {}}]"}}, {"model": "admin.logentry", "pk": 199, "fields": {"action_time": "2024-12-06T05:01:42.902Z", "user": 1, "content_type": 13, "object_id": "1069", "object_repr": "Yanely Parra - trb0044500@accbnet.com", "action_flag": 2, "change_message": "[{\"changed\": {\"fields\": [\"Usuario\", \"Pin\", \"Asignado\"]}}]"}}, {"model": "admin.logentry", "pk": 200, "fields": {"action_time": "2024-12-06T05:01:46.817Z", "user": 1, "content_type": 14, "object_id": "80", "object_repr": "Perfil 80 - Cliente Yanely Parra", "action_flag": 1, "change_message": "[{\"added\": {}}]"}}, {"model": "admin.logentry", "pk": 201, "fields": {"action_time": "2024-12-06T05:02:06.503Z", "user": 1, "content_type": 13, "object_id": "1070", "object_repr": "Marcos - trb0044500@accbnet.com", "action_flag": 2, "change_message": "[{\"changed\": {\"fields\": [\"Usuario\", \"Pin\", \"Asignado\"]}}]"}}, {"model": "admin.logentry", "pk": 202, "fields": {"action_time": "2024-12-06T05:02:10.281Z", "user": 1, "content_type": 14, "object_id": "81", "object_repr": "Perfil 81 - Cliente Marcos", "action_flag": 1, "change_message": "[{\"added\": {}}]"}}, {"model": "admin.logentry", "pk": 203, "fields": {"action_time": "2024-12-06T05:02:59.143Z", "user": 1, "content_type": 14, "object_id": "82", "object_repr": "Perfil 82 - Cliente Mayra Lopez", "action_flag": 1, "change_message": "[{\"added\": {}}]"}}, {"model": "admin.logentry", "pk": 204, "fields": {"action_time": "2024-12-06T05:03:32.986Z", "user": 1, "content_type": 14, "object_id": "83", "object_repr": "Perfil 83 - Cliente Mayra Lopez", "action_flag": 1, "change_message": "[{\"added\": {}}]"}}, {"model": "admin.logentry", "pk": 205, "fields": {"action_time": "2024-12-06T05:03:53.700Z", "user": 1, "content_type": 14, "object_id": "84", "object_repr": "Perfil 84 - Cliente Mayra Lopez", "action_flag": 1, "change_message": "[{\"added\": {}}]"}}, {"model": "admin.logentry", "pk": 206, "fields": {"action_time": "2024-12-06T05:04:09.248Z", "user": 1, "content_type": 14, "object_id": "85", "object_repr": "Perfil 85 - Cliente Mayra Lopez", "action_flag": 1, "change_message": "[{\"added\": {}}]"}}, {"model": "admin.logentry", "pk": 207, "fields": {"action_time": "2024-12-06T05:04:24.898Z", "user": 1, "content_type": 14, "object_id": "86", "object_repr": "Perfil 86 - Cliente Mayra Lopez", "action_flag": 1, "change_message": "[{\"added\": {}}]"}}, {"model": "admin.logentry", "pk": 208, "fields": {"action_time": "2024-12-06T05:04:57.647Z", "user": 1, "content_type": 13, "object_id": "1076", "object_repr": "Ismael - marlonyarull+329hy@accbnet.com", "action_flag": 2, "change_message": "[{\"changed\": {\"fields\": [\"Usuario\", \"Pin\", \"Asignado\"]}}]"}}, {"model": "admin.logentry", "pk": 209, "fields": {"action_time": "2024-12-06T05:05:05.903Z", "user": 1, "content_type": 14, "object_id": "87", "object_repr": "Perfil 87 - Cliente Ismael GarcÝa", "action_flag": 1, "change_message": "[{\"added\": {}}]"}}, {"model": "admin.logentry", "pk": 210, "fields": {"action_time": "2024-12-06T05:05:28.833Z", "user": 1, "content_type": 13, "object_id": "1077", "object_repr": "Adrian Gaona - marlonyarull+329hy@accbnet.com", "action_flag": 2, "change_message": "[{\"changed\": {\"fields\": [\"Usuario\", \"Pin\", \"Asignado\"]}}]"}}, {"model": "admin.logentry", "pk": 211, "fields": {"action_time": "2024-12-06T05:05:32.452Z", "user": 1, "content_type": 14, "object_id": "88", "object_repr": "Perfil 88 - Cliente Adrian Gaona", "action_flag": 1, "change_message": "[{\"added\": {}}]"}}, {"model": "admin.logentry", "pk": 212, "fields": {"action_time": "2024-12-06T05:06:04.506Z", "user": 1, "content_type": 13, "object_id": "1078", "object_repr": "Elvita Ayala - marlonyarull+329hy@accbnet.com", "action_flag": 2, "change_message": "[{\"changed\": {\"fields\": [\"Usuario\", \"Pin\", \"Asignado\"]}}]"}}, {"model": "admin.logentry", "pk": 213, "fields": {"action_time": "2024-12-06T05:06:08.189Z", "user": 1, "content_type": 14, "object_id": "89", "object_repr": "Perfil 89 - Cliente Mileidy Hernandez", "action_flag": 1, "change_message": "[{\"added\": {}}]"}}, {"model": "admin.logentry", "pk": 214, "fields": {"action_time": "2024-12-06T05:06:15.330Z", "user": 1, "content_type": 13, "object_id": "1077", "object_repr": "Adrian Gaona - marlonyarull+329hy@accbnet.com", "action_flag": 2, "change_message": "[]"}}, {"model": "admin.logentry", "pk": 215, "fields": {"action_time": "2024-12-06T05:06:16.934Z", "user": 1, "content_type": 14, "object_id": "88", "object_repr": "Perfil 88 - Cliente Adrian Gaona", "action_flag": 2, "change_message": "[]"}}, {"model": "admin.logentry", "pk": 216, "fields": {"action_time": "2024-12-06T05:07:00.429Z", "user": 1, "content_type": 13, "object_id": "1080", "object_repr": "5 - marlonyarull+329hy@accbnet.com", "action_flag": 2, "change_message": "[{\"changed\": {\"fields\": [\"Usuario\", \"Pin\", \"Asignado\"]}}]"}}, {"model": "admin.logentry", "pk": 217, "fields": {"action_time": "2024-12-06T05:07:06.580Z", "user": 1, "content_type": 14, "object_id": "90", "object_repr": "Perfil 90 - Cliente Angel Mora", "action_flag": 1, "change_message": "[{\"added\": {}}]"}}, {"model": "admin.logentry", "pk": 218, "fields": {"action_time": "2024-12-06T05:08:55.516Z", "user": 1, "content_type": 13, "object_id": "1081", "object_repr": "Stalin Gallegas - roussnetfxjumb@accbnet.com", "action_flag": 2, "change_message": "[{\"changed\": {\"fields\": [\"Usuario\", \"Pin\", \"Asignado\"]}}]"}}, {"model": "admin.logentry", "pk": 219, "fields": {"action_time": "2024-12-06T05:09:04.349Z", "user": 1, "content_type": 14, "object_id": "91", "object_repr": "Perfil 91 - Cliente Stalin Gallegas", "action_flag": 1, "change_message": "[{\"added\": {}}]"}}, {"model": "admin.logentry", "pk": 220, "fields": {"action_time": "2024-12-06T05:09:30.370Z", "user": 1, "content_type": 13, "object_id": "1082", "object_repr": "Katty - roussnetfxjumb@accbnet.com", "action_flag": 2, "change_message": "[{\"changed\": {\"fields\": [\"Usuario\", \"Pin\", \"Asignado\"]}}]"}}, {"model": "admin.logentry", "pk": 221, "fields": {"action_time": "2024-12-06T05:09:33.569Z", "user": 1, "content_type": 14, "object_id": "92", "object_repr": "Perfil 92 - Cliente Yadira Leon", "action_flag": 1, "change_message": "[{\"added\": {}}]"}}, {"model": "admin.logentry", "pk": 222, "fields": {"action_time": "2024-12-06T05:10:04.336Z", "user": 1, "content_type": 13, "object_id": "1083", "object_repr": "Santos Sßnchez - roussnetfxjumb@accbnet.com", "action_flag": 2, "change_message": "[{\"changed\": {\"fields\": [\"Usuario\", \"Pin\", \"Asignado\"]}}]"}}, {"model": "admin.logentry", "pk": 223, "fields": {"action_time": "2024-12-06T05:10:08.072Z", "user": 1, "content_type": 14, "object_id": "93", "object_repr": "Perfil 93 - Cliente Santos Sßnchez", "action_flag": 1, "change_message": "[{\"added\": {}}]"}}, {"model": "admin.logentry", "pk": 224, "fields": {"action_time": "2024-12-06T15:27:36.951Z", "user": 1, "content_type": 13, "object_id": "1084", "object_repr": "5 - roussnetfxjumb@accbnet.com", "action_flag": 2, "change_message": "[{\"changed\": {\"fields\": [\"Usuario\", \"Pin\", \"Asignado\"]}}]"}}, {"model": "admin.logentry", "pk": 225, "fields": {"action_time": "2024-12-06T15:27:44.065Z", "user": 1, "content_type": 14, "object_id": "94", "object_repr": "Perfil 94 - Cliente Joselyn Rios", "action_flag": 1, "change_message": "[{\"added\": {}}]"}}, {"model": "admin.logentry", "pk": 226, "fields": {"action_time": "2024-12-06T15:28:39.030Z", "user": 1, "content_type": 13, "object_id": "1085", "object_repr": "Maria Pelaez - roussnetfxjumb@accbnet.com", "action_flag": 2, "change_message": "[{\"changed\": {\"fields\": [\"Usuario\", \"Pin\", \"Asignado\"]}}]"}}, {"model": "admin.logentry", "pk": 227, "fields": {"action_time": "2024-12-06T15:28:41.041Z", "user": 1, "content_type": 14, "object_id": "95", "object_repr": "Perfil 95 - Cliente Maria Pelaez", "action_flag": 1, "change_message": "[{\"added\": {}}]"}}, {"model": "admin.logentry", "pk": 228, "fields": {"action_time": "2024-12-06T15:29:34.050Z", "user": 1, "content_type": 13, "object_id": "1084", "object_repr": "5 - roussnetfxjumb@accbnet.com", "action_flag": 2, "change_message": "[]"}}, {"model": "admin.logentry", "pk": 229, "fields": {"action_time": "2024-12-06T15:30:23.351Z", "user": 1, "content_type": 14, "object_id": "96", "object_repr": "Perfil 96 - Cliente Jean Gonzalez", "action_flag": 1, "change_message": "[{\"added\": {}}]"}}, {"model": "admin.logentry", "pk": 230, "fields": {"action_time": "2024-12-06T15:30:53.088Z", "user": 1, "content_type": 14, "object_id": "97", "object_repr": "Perfil 97 - Cliente Jean Gonzalez", "action_flag": 1, "change_message": "[{\"added\": {}}]"}}, {"model": "admin.logentry", "pk": 231, "fields": {"action_time": "2024-12-06T15:31:20.803Z", "user": 1, "content_type": 14, "object_id": "98", "object_repr": "Perfil 98 - Cliente Jean Gonzalez", "action_flag": 1, "change_message": "[{\"added\": {}}]"}}, {"model": "admin.logentry", "pk": 232, "fields": {"action_time": "2024-12-06T15:31:39.764Z", "user": 1, "content_type": 14, "object_id": "99", "object_repr": "Perfil 99 - Cliente Jean Gonzalez", "action_flag": 1, "change_message": "[{\"added\": {}}]"}}, {"model": "admin.logentry", "pk": 233, "fields": {"action_time": "2024-12-06T15:31:56.996Z", "user": 1, "content_type": 14, "object_id": "100", "object_repr": "Perfil 100 - Cliente Jean Gonzalez", "action_flag": 1, "change_message": "[{\"added\": {}}]"}}, {"model": "admin.logentry", "pk": 234, "fields": {"action_time": "2024-12-06T15:32:20.914Z", "user": 1, "content_type": 14, "object_id": "101", "object_repr": "Perfil 101 - Cliente Emil Piedra", "action_flag": 1, "change_message": "[{\"added\": {}}]"}}, {"model": "admin.logentry", "pk": 235, "fields": {"action_time": "2024-12-06T15:32:57.049Z", "user": 1, "content_type": 14, "object_id": "96", "object_repr": "Perfil 96 - Cliente Jean Gonzalez", "action_flag": 2, "change_message": "[{\"changed\": {\"fields\": [\"Id plan\"]}}]"}}, {"model": "admin.logentry", "pk": 236, "fields": {"action_time": "2024-12-06T15:33:57.282Z", "user": 1, "content_type": 14, "object_id": "101", "object_repr": "Perfil 101 - Cliente Emil Piedra", "action_flag": 3, "change_message": ""}}, {"model": "admin.logentry", "pk": 237, "fields": {"action_time": "2024-12-06T15:33:57.282Z", "user": 1, "content_type": 14, "object_id": "100", "object_repr": "Perfil 100 - Cliente Jean Gonzalez", "action_flag": 3, "change_message": ""}}, {"model": "admin.logentry", "pk": 238, "fields": {"action_time": "2024-12-06T15:33:57.282Z", "user": 1, "content_type": 14, "object_id": "99", "object_repr": "Perfil 99 - Cliente Jean Gonzalez", "action_flag": 3, "change_message": ""}}, {"model": "admin.logentry", "pk": 239, "fields": {"action_time": "2024-12-06T15:33:57.282Z", "user": 1, "content_type": 14, "object_id": "98", "object_repr": "Perfil 98 - Cliente Jean Gonzalez", "action_flag": 3, "change_message": ""}}, {"model": "admin.logentry", "pk": 240, "fields": {"action_time": "2024-12-06T15:33:57.282Z", "user": 1, "content_type": 14, "object_id": "97", "object_repr": "Perfil 97 - Cliente Jean Gonzalez", "action_flag": 3, "change_message": ""}}, {"model": "admin.logentry", "pk": 241, "fields": {"action_time": "2024-12-06T15:33:57.282Z", "user": 1, "content_type": 14, "object_id": "96", "object_repr": "Perfil 96 - Cliente Jean Gonzalez", "action_flag": 3, "change_message": ""}}, {"model": "admin.logentry", "pk": 242, "fields": {"action_time": "2024-12-07T22:42:24.165Z", "user": 1, "content_type": 13, "object_id": "3238", "object_repr": "1-2-3-4-5 - rousspaz333@accbnet.com", "action_flag": 2, "change_message": "[{\"changed\": {\"fields\": [\"Usuario\", \"Pin\", \"Asignado\"]}}]"}}, {"model": "admin.logentry", "pk": 243, "fields": {"action_time": "2024-12-07T22:42:58.217Z", "user": 1, "content_type": 14, "object_id": "192", "object_repr": "Perfil 192 - Cliente Emil Piedra", "action_flag": 1, "change_message": "[{\"added\": {}}]"}}, {"model": "admin.logentry", "pk": 244, "fields": {"action_time": "2024-12-07T22:43:59.659Z", "user": 1, "content_type": 13, "object_id": "3239", "object_repr": "1-2-3-4-5 - rousspaz333@accbnet.com", "action_flag": 2, "change_message": "[{\"changed\": {\"fields\": [\"Usuario\", \"Pin\", \"Asignado\"]}}]"}}, {"model": "admin.logentry", "pk": 245, "fields": {"action_time": "2024-12-07T22:44:05.074Z", "user": 1, "content_type": 14, "object_id": "193", "object_repr": "Perfil 193 - Cliente Emil Piedra", "action_flag": 1, "change_message": "[{\"added\": {}}]"}}, {"model": "admin.logentry", "pk": 246, "fields": {"action_time": "2024-12-07T22:44:28.499Z", "user": 1, "content_type": 13, "object_id": "3240", "object_repr": "1-2-3-4-5 - rousspaz333@accbnet.com", "action_flag": 2, "change_message": "[{\"changed\": {\"fields\": [\"Usuario\", \"Pin\", \"Asignado\"]}}]"}}, {"model": "admin.logentry", "pk": 247, "fields": {"action_time": "2024-12-07T22:44:35.726Z", "user": 1, "content_type": 14, "object_id": "194", "object_repr": "Perfil 194 - Cliente Emil Piedra", "action_flag": 1, "change_message": "[{\"added\": {}}]"}}, {"model": "admin.logentry", "pk": 248, "fields": {"action_time": "2024-12-08T04:14:48.538Z", "user": 1, "content_type": 13, "object_id": "6530", "object_repr": "PENDIENTE - magis60tv", "action_flag": 2, "change_message": "[{\"changed\": {\"fields\": [\"Asignado\"]}}]"}}, {"model": "admin.logentry", "pk": 249, "fields": {"action_time": "2024-12-08T04:14:52.105Z", "user": 1, "content_type": 13, "object_id": "6529", "object_repr": "PENDIENTE - magis60tv", "action_flag": 2, "change_message": "[{\"changed\": {\"fields\": [\"Asignado\"]}}]"}}, {"model": "admin.logentry", "pk": 250, "fields": {"action_time": "2024-12-08T04:15:14.679Z", "user": 1, "content_type": 13, "object_id": "6475", "object_repr": "PENDIENTE - roussnet17@accbnet.com", "action_flag": 2, "change_message": "[{\"changed\": {\"fields\": [\"Asignado\"]}}]"}}, {"model": "admin.logentry", "pk": 251, "fields": {"action_time": "2024-12-08T04:15:30.457Z", "user": 1, "content_type": 13, "object_id": "6424", "object_repr": "PENDIENTE - marlonyarull+329hy@accbnet.com", "action_flag": 2, "change_message": "[{\"changed\": {\"fields\": [\"Asignado\"]}}]"}}, {"model": "admin.logentry", "pk": 252, "fields": {"action_time": "2024-12-08T04:15:32.018Z", "user": 1, "content_type": 13, "object_id": "6429", "object_repr": "PENDIENTE - roussnetfxjumb@accbnet.com", "action_flag": 2, "change_message": "[{\"changed\": {\"fields\": [\"Asignado\"]}}]"}}, {"model": "admin.logentry", "pk": 253, "fields": {"action_time": "2024-12-08T04:16:50.783Z", "user": 1, "content_type": 8, "object_id": "47", "object_repr": "pruebaNetflix@gmail.com", "action_flag": 1, "change_message": "[{\"added\": {}}]"}}, {"model": "admin.logentry", "pk": 254, "fields": {"action_time": "2024-12-08T04:17:05.534Z", "user": 1, "content_type": 8, "object_id": "48", "object_repr": "pruebaNetflixCAMBIO@gmail.com", "action_flag": 1, "change_message": "[{\"added\": {}}]"}}, {"model": "admin.logentry", "pk": 255, "fields": {"action_time": "2024-12-08T04:19:12.764Z", "user": 1, "content_type": 8, "object_id": "48", "object_repr": "anterior@gmail.com", "action_flag": 2, "change_message": "[{\"changed\": {\"fields\": [\"Correo cuenta\"]}}]"}}, {"model": "admin.logentry", "pk": 256, "fields": {"action_time": "2024-12-08T04:19:19.708Z", "user": 1, "content_type": 8, "object_id": "47", "object_repr": "nueva@gmail.com", "action_flag": 2, "change_message": "[{\"changed\": {\"fields\": [\"Correo cuenta\"]}}]"}}, {"model": "admin.logentry", "pk": 257, "fields": {"action_time": "2024-12-09T01:12:13.651Z", "user": 1, "content_type": 8, "object_id": "47", "object_repr": "NetflixAnterior", "action_flag": 1, "change_message": "[{\"added\": {}}]"}}, {"model": "admin.logentry", "pk": 258, "fields": {"action_time": "2024-12-09T01:12:30.333Z", "user": 1, "content_type": 8, "object_id": "48", "object_repr": "NetflixNuevo", "action_flag": 1, "change_message": "[{\"added\": {}}]"}}, {"model": "auth.permission", "pk": 1, "fields": {"name": "Can add log entry", "content_type": 1, "codename": "add_logentry"}}, {"model": "auth.permission", "pk": 2, "fields": {"name": "Can change log entry", "content_type": 1, "codename": "change_logentry"}}, {"model": "auth.permission", "pk": 3, "fields": {"name": "Can delete log entry", "content_type": 1, "codename": "delete_logentry"}}, {"model": "auth.permission", "pk": 4, "fields": {"name": "Can view log entry", "content_type": 1, "codename": "view_logentry"}}, {"model": "auth.permission", "pk": 5, "fields": {"name": "Can add permission", "content_type": 2, "codename": "add_permission"}}, {"model": "auth.permission", "pk": 6, "fields": {"name": "Can change permission", "content_type": 2, "codename": "change_permission"}}, {"model": "auth.permission", "pk": 7, "fields": {"name": "Can delete permission", "content_type": 2, "codename": "delete_permission"}}, {"model": "auth.permission", "pk": 8, "fields": {"name": "Can view permission", "content_type": 2, "codename": "view_permission"}}, {"model": "auth.permission", "pk": 9, "fields": {"name": "Can add group", "content_type": 3, "codename": "add_group"}}, {"model": "auth.permission", "pk": 10, "fields": {"name": "Can change group", "content_type": 3, "codename": "change_group"}}, {"model": "auth.permission", "pk": 11, "fields": {"name": "Can delete group", "content_type": 3, "codename": "delete_group"}}, {"model": "auth.permission", "pk": 12, "fields": {"name": "Can view group", "content_type": 3, "codename": "view_group"}}, {"model": "auth.permission", "pk": 13, "fields": {"name": "Can add user", "content_type": 4, "codename": "add_user"}}, {"model": "auth.permission", "pk": 14, "fields": {"name": "Can change user", "content_type": 4, "codename": "change_user"}}, {"model": "auth.permission", "pk": 15, "fields": {"name": "Can delete user", "content_type": 4, "codename": "delete_user"}}, {"model": "auth.permission", "pk": 16, "fields": {"name": "Can view user", "content_type": 4, "codename": "view_user"}}, {"model": "auth.permission", "pk": 17, "fields": {"name": "Can add content type", "content_type": 5, "codename": "add_contenttype"}}, {"model": "auth.permission", "pk": 18, "fields": {"name": "Can change content type", "content_type": 5, "codename": "change_contenttype"}}, {"model": "auth.permission", "pk": 19, "fields": {"name": "Can delete content type", "content_type": 5, "codename": "delete_contenttype"}}, {"model": "auth.permission", "pk": 20, "fields": {"name": "Can view content type", "content_type": 5, "codename": "view_contenttype"}}, {"model": "auth.permission", "pk": 21, "fields": {"name": "Can add session", "content_type": 6, "codename": "add_session"}}, {"model": "auth.permission", "pk": 22, "fields": {"name": "Can change session", "content_type": 6, "codename": "change_session"}}, {"model": "auth.permission", "pk": 23, "fields": {"name": "Can delete session", "content_type": 6, "codename": "delete_session"}}, {"model": "auth.permission", "pk": 24, "fields": {"name": "Can view session", "content_type": 6, "codename": "view_session"}}, {"model": "auth.permission", "pk": 25, "fields": {"name": "Can add cliente", "content_type": 7, "codename": "add_cliente"}}, {"model": "auth.permission", "pk": 26, "fields": {"name": "Can change cliente", "content_type": 7, "codename": "change_cliente"}}, {"model": "auth.permission", "pk": 27, "fields": {"name": "Can delete cliente", "content_type": 7, "codename": "delete_cliente"}}, {"model": "auth.permission", "pk": 28, "fields": {"name": "Can view cliente", "content_type": 7, "codename": "view_cliente"}}, {"model": "auth.permission", "pk": 29, "fields": {"name": "Can add cuenta", "content_type": 8, "codename": "add_cuenta"}}, {"model": "auth.permission", "pk": 30, "fields": {"name": "Can change cuenta", "content_type": 8, "codename": "change_cuenta"}}, {"model": "auth.permission", "pk": 31, "fields": {"name": "Can delete cuenta", "content_type": 8, "codename": "delete_cuenta"}}, {"model": "auth.permission", "pk": 32, "fields": {"name": "Can view cuenta", "content_type": 8, "codename": "view_cuenta"}}, {"model": "auth.permission", "pk": 33, "fields": {"name": "Can add grupo", "content_type": 9, "codename": "add_grupo"}}, {"model": "auth.permission", "pk": 34, "fields": {"name": "Can change grupo", "content_type": 9, "codename": "change_grupo"}}, {"model": "auth.permission", "pk": 35, "fields": {"name": "Can delete grupo", "content_type": 9, "codename": "delete_grupo"}}, {"model": "auth.permission", "pk": 36, "fields": {"name": "Can view grupo", "content_type": 9, "codename": "view_grupo"}}, {"model": "auth.permission", "pk": 37, "fields": {"name": "Can add servicio", "content_type": 10, "codename": "add_servicio"}}, {"model": "auth.permission", "pk": 38, "fields": {"name": "Can change servicio", "content_type": 10, "codename": "change_servicio"}}, {"model": "auth.permission", "pk": 39, "fields": {"name": "Can delete servicio", "content_type": 10, "codename": "delete_servicio"}}, {"model": "auth.permission", "pk": 40, "fields": {"name": "Can view servicio", "content_type": 10, "codename": "view_servicio"}}, {"model": "auth.permission", "pk": 41, "fields": {"name": "Can add tipo dispositivo", "content_type": 11, "codename": "add_tipodispositivo"}}, {"model": "auth.permission", "pk": 42, "fields": {"name": "Can change tipo dispositivo", "content_type": 11, "codename": "change_tipodispositivo"}}, {"model": "auth.permission", "pk": 43, "fields": {"name": "Can delete tipo dispositivo", "content_type": 11, "codename": "delete_tipodispositivo"}}, {"model": "auth.permission", "pk": 44, "fields": {"name": "Can view tipo dispositivo", "content_type": 11, "codename": "view_tipodispositivo"}}, {"model": "auth.permission", "pk": 45, "fields": {"name": "Can add plan", "content_type": 12, "codename": "add_plan"}}, {"model": "auth.permission", "pk": 46, "fields": {"name": "Can change plan", "content_type": 12, "codename": "change_plan"}}, {"model": "auth.permission", "pk": 47, "fields": {"name": "Can delete plan", "content_type": 12, "codename": "delete_plan"}}, {"model": "auth.permission", "pk": 48, "fields": {"name": "Can view plan", "content_type": 12, "codename": "view_plan"}}, {"model": "auth.permission", "pk": 49, "fields": {"name": "Can add perfil cuenta", "content_type": 13, "codename": "add_perfilcuenta"}}, {"model": "auth.permission", "pk": 50, "fields": {"name": "Can change perfil cuenta", "content_type": 13, "codename": "change_perfilcuenta"}}, {"model": "auth.permission", "pk": 51, "fields": {"name": "Can delete perfil cuenta", "content_type": 13, "codename": "delete_perfilcuenta"}}, {"model": "auth.permission", "pk": 52, "fields": {"name": "Can view perfil cuenta", "content_type": 13, "codename": "view_perfilcuenta"}}, {"model": "auth.permission", "pk": 53, "fields": {"name": "Can add perfil", "content_type": 14, "codename": "add_perfil"}}, {"model": "auth.permission", "pk": 54, "fields": {"name": "Can change perfil", "content_type": 14, "codename": "change_perfil"}}, {"model": "auth.permission", "pk": 55, "fields": {"name": "Can delete perfil", "content_type": 14, "codename": "delete_perfil"}}, {"model": "auth.permission", "pk": 56, "fields": {"name": "Can view perfil", "content_type": 14, "codename": "view_perfil"}}, {"model": "auth.permission", "pk": 57, "fields": {"name": "Can add historial renovacion", "content_type": 15, "codename": "add_historialrenovacion"}}, {"model": "auth.permission", "pk": 58, "fields": {"name": "Can change historial renovacion", "content_type": 15, "codename": "change_historialrenovacion"}}, {"model": "auth.permission", "pk": 59, "fields": {"name": "Can delete historial renovacion", "content_type": 15, "codename": "delete_historialrenovacion"}}, {"model": "auth.permission", "pk": 60, "fields": {"name": "Can view historial renovacion", "content_type": 15, "codename": "view_historialrenovacion"}}, {"model": "auth.user", "pk": 1, "fields": {"password": "pbkdf2_sha256$870000$fTHHYshraGdEBRv2jP5z2S$1/OPiLq8l37Y4ZekaNQMp1y8MtN0PKozVM4M/h341pc=", "last_login": "2024-12-08T04:14:38.232Z", "is_superuser": true, "username": "admin", "first_name": "", "last_name": "", "email": "", "is_staff": true, "is_active": true, "date_joined": "2024-12-05T20:42:13.875Z", "groups": [], "user_permissions": []}}, {"model": "contenttypes.contenttype", "pk": 1, "fields": {"app_label": "admin", "model": "logentry"}}, {"model": "contenttypes.contenttype", "pk": 2, "fields": {"app_label": "auth", "model": "permission"}}, {"model": "contenttypes.contenttype", "pk": 3, "fields": {"app_label": "auth", "model": "group"}}, {"model": "contenttypes.contenttype", "pk": 4, "fields": {"app_label": "auth", "model": "user"}}, {"model": "contenttypes.contenttype", "pk": 5, "fields": {"app_label": "contenttypes", "model": "contenttype"}}, {"model": "contenttypes.contenttype", "pk": 6, "fields": {"app_label": "sessions", "model": "session"}}, {"model": "contenttypes.contenttype", "pk": 7, "fields": {"app_label": "CRM_Cuentas", "model": "cliente"}}, {"model": "contenttypes.contenttype", "pk": 8, "fields": {"app_label": "CRM_Cuentas", "model": "cuenta"}}, {"model": "contenttypes.contenttype", "pk": 9, "fields": {"app_label": "CRM_Cuentas", "model": "grupo"}}, {"model": "contenttypes.contenttype", "pk": 10, "fields": {"app_label": "CRM_Cuentas", "model": "servicio"}}, {"model": "contenttypes.contenttype", "pk": 11, "fields": {"app_label": "CRM_Cuentas", "model": "tipodispositivo"}}, {"model": "contenttypes.contenttype", "pk": 12, "fields": {"app_label": "CRM_Cuentas", "model": "plan"}}, {"model": "contenttypes.contenttype", "pk": 13, "fields": {"app_label": "CRM_Cuentas", "model": "perfilcuenta"}}, {"model": "contenttypes.contenttype", "pk": 14, "fields": {"app_label": "CRM_Cuentas", "model": "perfil"}}, {"model": "contenttypes.contenttype", "pk": 15, "fields": {"app_label": "CRM_Cuentas", "model": "historialrenovacion"}}, {"model": "sessions.session", "pk": "9bqjnu29yzn1rr63leddsivfgyv9jppv", "fields": {"session_data": ".eJxVjEEOwiAQRe_C2pDCSKEu3XsGMswMUjU0Ke3KeHfbpAvdvvf-f6uI61Li2mSOI6uLMur0yxLSU-ou-IH1Pmma6jKPSe-JPmzTt4nldT3av4OCrWxrMEIYXE7A2YUBwXq2yTsG350pkBGBzqBF2lhwPWbMA3jvQg_AwarPF_DQN9s:1tJyA1:0bSUABVPZ6y8zrnTiTvI0HmM4VPlGV_RHE1oF8kgWJg", "expire_date": "2024-12-21T17:00:05.796Z"}}, {"model": "sessions.session", "pk": "c9dq5kfzk6dtcfl0el61r634vva3hv1i", "fields": {"session_data": ".eJxVjEEOwiAQRe_C2pAiA9O4dO8ZyAwDUjWQlHbVeHdt0oVu_3vvbyrQupSw9jSHSdRFGXX63ZjiM9UdyIPqvenY6jJPrHdFH7TrW5P0uh7u30GhXr41orNoxfsBSbJzeRSIYLxQYhKLbAw7lLOFPCIkM5BwBkwWXPYEVr0_4kY4Aw:1tJIga:OSpWN2EalXKk4jByAnNwO3LDGmAjfqpFLTnZFsHERJk", "expire_date": "2024-12-19T20:42:56.481Z"}}, {"model": "sessions.session", "pk": "f5db32vu7ceorwkolx19r5a0gnal26uf", "fields": {"session_data": ".eJxVjMsOwiAQRf-FtSEdBgq4dO83kBkeUjU0Ke3K-O_apAvd3nPOfYlA21rD1vMSpiTOAsTpd2OKj9x2kO7UbrOMc1uXieWuyIN2eZ1Tfl4O9--gUq_fWrPKDsAQWs84OsOguVhCXQYHTmEZMXkmlZxHMCbFAkTEGlTUlgbx_gDLljeM:1tJNWV:Rw7bhtwqXiOSefKeGbmpDXOmYScdjDDBCxJh7Ali13Y", "expire_date": "2024-12-20T01:52:51.757Z"}}, {"model": "sessions.session", "pk": "qi9cqxph1ktfrjj81l3s7rqxzkh1d0xc", "fields": {"session_data": ".eJxVjEEOgjAURO_StWlokdK6dO8Zmt8_H4uaklBYGe8uJCx0lvPezFtFWpcc1ypzHKEuyqjTb5eIn1J2gAeV-6R5Kss8Jr0r-qBV3ybI63q4fweZat7W3vYh9D407IEBHQOeIWIkOdtsAUwIROh9ayVhMO7suq7lxM43LqnPF_lkOHA:1tK8go:FlRLlHIa2URlEHl1j8ZEwYVF5Pu2j2svEjzZDPu6zXQ", "expire_date": "2024-12-22T04:14:38.357Z"}}, {"model": "CRM_Cuentas.cliente", "pk": 1, "fields": {"nombres": "Jhoel", "telefono": "+593 98 014 7406"}}, {"model": "CRM_Cuentas.cliente", "pk": 2, "fields": {"nombres": "Lizbeth Hernandez", "telefono": "+593 99 319 6306"}}, {"model": "CRM_Cuentas.cliente", "pk": 3, "fields": {"nombres": "Andy", "telefono": "+593 93 923 8453"}}, {"model": "CRM_Cuentas.cliente", "pk": 4, "fields": {"nombres": "Evelyn Vizuete", "telefono": "+593 97 956 4515"}}, {"model": "CRM_Cuentas.cliente", "pk": 5, "fields": {"nombres": "Karina Espinoza", "telefono": "+593 96 197 9880"}}, {"model": "CRM_Cuentas.cliente", "pk": 6, "fields": {"nombres": "Genesis Jima", "telefono": "+593 99 341 5821"}}, {"model": "CRM_Cuentas.cliente", "pk": 7, "fields": {"nombres": "Danilo Zapata", "telefono": "+593 98 555 6083"}}, {"model": "CRM_Cuentas.cliente", "pk": 8, "fields": {"nombres": "Edgar Rodrigo", "telefono": "+593 99 571 2827"}}, {"model": "CRM_Cuentas.cliente", "pk": 9, "fields": {"nombres": "Cliente24", "telefono": "+593 99 144 7978"}}, {"model": "CRM_Cuentas.cliente", "pk": 10, "fields": {"nombres": "Maira Perez", "telefono": "+593 98 577 9264"}}, {"model": "CRM_Cuentas.cliente", "pk": 11, "fields": {"nombres": "Alexander Moreno", "telefono": "+593 97 941 7565"}}, {"model": "CRM_Cuentas.cliente", "pk": 12, "fields": {"nombres": "Marylin", "telefono": "+593 97 957 2599"}}, {"model": "CRM_Cuentas.cliente", "pk": 13, "fields": {"nombres": "Jose Macas", "telefono": "+593 98 950 4162"}}, {"model": "CRM_Cuentas.cliente", "pk": 14, "fields": {"nombres": "Jennifer Olaya", "telefono": "+593 98 478 2914"}}, {"model": "CRM_Cuentas.cliente", "pk": 15, "fields": {"nombres": "Genesis Rojas", "telefono": "+593 99 755 0228"}}, {"model": "CRM_Cuentas.cliente", "pk": 16, "fields": {"nombres": "Michael Ortega", "telefono": "+593 99 459 5220"}}, {"model": "CRM_Cuentas.cliente", "pk": 17, "fields": {"nombres": "David Perez", "telefono": "+593 99 384 7046"}}, {"model": "CRM_Cuentas.cliente", "pk": 18, "fields": {"nombres": "Bayron Maldonado", "telefono": "+593 96 862 0419"}}, {"model": "CRM_Cuentas.cliente", "pk": 19, "fields": {"nombres": "Willy Delgado", "telefono": "+593 99 004 4888"}}, {"model": "CRM_Cuentas.cliente", "pk": 20, "fields": {"nombres": "Cindy Ortega", "telefono": "+593 99 004 4888"}}, {"model": "CRM_Cuentas.cliente", "pk": 21, "fields": {"nombres": "Nayeli Rios", "telefono": "+593 98 167 8850"}}, {"model": "CRM_Cuentas.cliente", "pk": 22, "fields": {"nombres": "Kerly", "telefono": "+593 98 619 2818"}}, {"model": "CRM_Cuentas.cliente", "pk": 23, "fields": {"nombres": "Hubert Motato", "telefono": "+593 99 922 6335"}}, {"model": "CRM_Cuentas.cliente", "pk": 24, "fields": {"nombres": "Evelyn Encarnacion", "telefono": "+593 98 464 8487"}}, {"model": "CRM_Cuentas.cliente", "pk": 25, "fields": {"nombres": "Johanna Cordova", "telefono": "+593 96 965 3287"}}, {"model": "CRM_Cuentas.cliente", "pk": 26, "fields": {"nombres": "Helton Herrera", "telefono": "+593 95 954 2929"}}, {"model": "CRM_Cuentas.cliente", "pk": 27, "fields": {"nombres": "Arleth Condoy", "telefono": "+593 98 011 1786"}}, {"model": "CRM_Cuentas.cliente", "pk": 28, "fields": {"nombres": "Carolina Cordova", "telefono": "+593 93 963 8571"}}, {"model": "CRM_Cuentas.cliente", "pk": 29, "fields": {"nombres": "Laurissa", "telefono": "+593 93 915 7178"}}, {"model": "CRM_Cuentas.cliente", "pk": 30, "fields": {"nombres": "Juan Medina", "telefono": "+593 99 896 1392"}}, {"model": "CRM_Cuentas.cliente", "pk": 31, "fields": {"nombres": "Erick Lude±a", "telefono": "+593 99 421 4839"}}, {"model": "CRM_Cuentas.cliente", "pk": 32, "fields": {"nombres": "Deysi Cando", "telefono": "+593 98 580 2547"}}, {"model": "CRM_Cuentas.cliente", "pk": 33, "fields": {"nombres": "Niurka Celi", "telefono": "+593 99 148 5117"}}, {"model": "CRM_Cuentas.cliente", "pk": 34, "fields": {"nombres": "Esperanza Chavez", "telefono": "+593 98 398 3422"}}, {"model": "CRM_Cuentas.cliente", "pk": 35, "fields": {"nombres": "Cliente20", "telefono": "+593 98 113 1019"}}, {"model": "CRM_Cuentas.cliente", "pk": 36, "fields": {"nombres": "Cesar Lapo", "telefono": "+593 99 444 3785"}}, {"model": "CRM_Cuentas.cliente", "pk": 37, "fields": {"nombres": "Cliente22", "telefono": "+593 99 475 4149"}}, {"model": "CRM_Cuentas.cliente", "pk": 38, "fields": {"nombres": "Carlos Torrelles", "telefono": "51930202660"}}, {"model": "CRM_Cuentas.cliente", "pk": 39, "fields": {"nombres": "Enrique Romero", "telefono": "+593 98 031 8796"}}, {"model": "CRM_Cuentas.cliente", "pk": 40, "fields": {"nombres": "Gabriela Rosado", "telefono": "+593 98 557 2760"}}, {"model": "CRM_Cuentas.cliente", "pk": 41, "fields": {"nombres": "Narcisa Vasquez", "telefono": "+593 93 942 2166"}}, {"model": "CRM_Cuentas.cliente", "pk": 42, "fields": {"nombres": "Solanye Pesantez", "telefono": "+593 98 329 2513"}}, {"model": "CRM_Cuentas.cliente", "pk": 43, "fields": {"nombres": "Dora", "telefono": "+593 99 234 3103"}}, {"model": "CRM_Cuentas.cliente", "pk": 44, "fields": {"nombres": "Paulina", "telefono": "+593 99 057 4990"}}, {"model": "CRM_Cuentas.cliente", "pk": 45, "fields": {"nombres": "Marypaz", "telefono": "+593 98 144 8997"}}, {"model": "CRM_Cuentas.cliente", "pk": 46, "fields": {"nombres": "Kiana", "telefono": "+593 98 005 5340"}}, {"model": "CRM_Cuentas.cliente", "pk": 47, "fields": {"nombres": "Milton Astudillo", "telefono": "+593 99 910 9251"}}, {"model": "CRM_Cuentas.cliente", "pk": 48, "fields": {"nombres": "Darwin Monrroy", "telefono": "+593 98 826 6394"}}, {"model": "CRM_Cuentas.cliente", "pk": 49, "fields": {"nombres": "Luciana Silva", "telefono": "+593 99 416 9660"}}, {"model": "CRM_Cuentas.cliente", "pk": 50, "fields": {"nombres": "Conny Roxana", "telefono": "+593 99 041 8127"}}, {"model": "CRM_Cuentas.cliente", "pk": 51, "fields": {"nombres": "Luis Linares", "telefono": "+593 99 940 9738"}}, {"model": "CRM_Cuentas.cliente", "pk": 52, "fields": {"nombres": "Yosmery Coronoto", "telefono": "+593 98 412 6965"}}, {"model": "CRM_Cuentas.cliente", "pk": 53, "fields": {"nombres": "Jorge Preciado", "telefono": "+593 99 559 9302"}}, {"model": "CRM_Cuentas.cliente", "pk": 54, "fields": {"nombres": "Rosmary Yajune", "telefono": "+593 97 953 2516"}}, {"model": "CRM_Cuentas.cliente", "pk": 55, "fields": {"nombres": "Cliente25", "telefono": "+593 98 636 9440"}}, {"model": "CRM_Cuentas.cliente", "pk": 56, "fields": {"nombres": "Yadira Leon", "telefono": "+593 96 886 6846"}}, {"model": "CRM_Cuentas.cliente", "pk": 57, "fields": {"nombres": "Cliente33", "telefono": "51943145345"}}, {"model": "CRM_Cuentas.cliente", "pk": 58, "fields": {"nombres": "Lady", "telefono": "+593 99 224 5319"}}, {"model": "CRM_Cuentas.cliente", "pk": 59, "fields": {"nombres": "Danny Valladol", "telefono": "+593 98 657 9756"}}, {"model": "CRM_Cuentas.cliente", "pk": 60, "fields": {"nombres": "Ana Vinces", "telefono": "+593 98 360 0873"}}, {"model": "CRM_Cuentas.cliente", "pk": 61, "fields": {"nombres": "Ronald Tenesaca", "telefono": "+593 97 966 9335"}}, {"model": "CRM_Cuentas.cliente", "pk": 62, "fields": {"nombres": "Rocio", "telefono": "+593 96 076 2898"}}, {"model": "CRM_Cuentas.cliente", "pk": 63, "fields": {"nombres": "Kimberlin Cepeda", "telefono": "+593 93 978 4786"}}, {"model": "CRM_Cuentas.cliente", "pk": 64, "fields": {"nombres": "Pardo", "telefono": "+593 99 086 5357"}}, {"model": "CRM_Cuentas.cliente", "pk": 65, "fields": {"nombres": "Wagner Fajardo", "telefono": "+593 99 032 8637"}}, {"model": "CRM_Cuentas.cliente", "pk": 66, "fields": {"nombres": "Manuel Valecillos", "telefono": "51917059256"}}, {"model": "CRM_Cuentas.cliente", "pk": 67, "fields": {"nombres": "Veronica Camacho", "telefono": "+593 99 400 9363"}}, {"model": "CRM_Cuentas.cliente", "pk": 68, "fields": {"nombres": "Yanely Parra", "telefono": "+593 99 179 5159"}}, {"model": "CRM_Cuentas.cliente", "pk": 69, "fields": {"nombres": "Marcos", "telefono": "+593 98 429 1217"}}, {"model": "CRM_Cuentas.cliente", "pk": 70, "fields": {"nombres": "Mayra Lopez", "telefono": "+593 99 475 8768"}}, {"model": "CRM_Cuentas.cliente", "pk": 71, "fields": {"nombres": "Ismael GarcÝa", "telefono": "+593 99 193 7719"}}, {"model": "CRM_Cuentas.cliente", "pk": 72, "fields": {"nombres": "Adrian Gaona", "telefono": "+593 95 929 0588"}}, {"model": "CRM_Cuentas.cliente", "pk": 73, "fields": {"nombres": "Mileidy Hernandez", "telefono": "+593 98 904 5742"}}, {"model": "CRM_Cuentas.cliente", "pk": 74, "fields": {"nombres": "Angel Mora", "telefono": "+593 96 863 1133"}}, {"model": "CRM_Cuentas.cliente", "pk": 75, "fields": {"nombres": "Legna Manosalva", "telefono": "+593 96 958 4116"}}, {"model": "CRM_Cuentas.cliente", "pk": 76, "fields": {"nombres": "Santos Sßnchez", "telefono": "+593 96 743 0603"}}, {"model": "CRM_Cuentas.cliente", "pk": 77, "fields": {"nombres": "Joselyn Rios", "telefono": "+593 99 250 0835"}}, {"model": "CRM_Cuentas.cliente", "pk": 78, "fields": {"nombres": "Maria Pelaez", "telefono": "+593 98 486 4539"}}, {"model": "CRM_Cuentas.cliente", "pk": 79, "fields": {"nombres": "Jean Gonzalez", "telefono": "+593 96 141 0027"}}, {"model": "CRM_Cuentas.cliente", "pk": 80, "fields": {"nombres": "Emil Piedra", "telefono": "+593 98 570 2752"}}, {"model": "CRM_Cuentas.cliente", "pk": 81, "fields": {"nombres": "Kendry", "telefono": "+593 95 995 2939"}}, {"model": "CRM_Cuentas.cliente", "pk": 82, "fields": {"nombres": "Johana Camacho", "telefono": "+593 99 330 1278"}}, {"model": "CRM_Cuentas.cliente", "pk": 83, "fields": {"nombres": "Juan Pacheco", "telefono": "+593 98 159 3477"}}, {"model": "CRM_Cuentas.cliente", "pk": 84, "fields": {"nombres": "Steven", "telefono": "+593 98 752 2145"}}, {"model": "CRM_Cuentas.cliente", "pk": 85, "fields": {"nombres": "Franyelis", "telefono": "+593 99 910 3643"}}, {"model": "CRM_Cuentas.cliente", "pk": 86, "fields": {"nombres": "AndrÚs Calle", "telefono": "+593 99 442 2092"}}, {"model": "CRM_Cuentas.cliente", "pk": 87, "fields": {"nombres": "Andy", "telefono": "+593 93 923 8453"}}, {"model": "CRM_Cuentas.cliente", "pk": 88, "fields": {"nombres": "Daniel Jiron", "telefono": "+593 99 747 9287"}}, {"model": "CRM_Cuentas.cliente", "pk": 89, "fields": {"nombres": "Jesus Gonzalez", "telefono": "+593 99 398 7146"}}, {"model": "CRM_Cuentas.cliente", "pk": 90, "fields": {"nombres": "Juan Navarro", "telefono": "+593 99 484 4294"}}, {"model": "CRM_Cuentas.cliente", "pk": 91, "fields": {"nombres": "MarÝa Motoche", "telefono": "+593 98 802 3886"}}, {"model": "CRM_Cuentas.cliente", "pk": 92, "fields": {"nombres": "Ronald Jimenez", "telefono": "+593 98 136 6580"}}, {"model": "CRM_Cuentas.cliente", "pk": 93, "fields": {"nombres": "Julio Cuenca", "telefono": "+593 99 178 8505"}}, {"model": "CRM_Cuentas.cliente", "pk": 94, "fields": {"nombres": "Manuel Qui±onez", "telefono": "+593 93 927 3811"}}, {"model": "CRM_Cuentas.cliente", "pk": 95, "fields": {"nombres": "Jose Cede±o", "telefono": "51935120901"}}, {"model": "CRM_Cuentas.cliente", "pk": 96, "fields": {"nombres": "Arleth Condoy", "telefono": "+593 98 011 1786"}}, {"model": "CRM_Cuentas.cliente", "pk": 97, "fields": {"nombres": "Dennis Maza", "telefono": "+593 93 937 4413"}}, {"model": "CRM_Cuentas.cliente", "pk": 98, "fields": {"nombres": "Dennis Pizarro", "telefono": "+593 99 787 9100"}}, {"model": "CRM_Cuentas.cliente", "pk": 99, "fields": {"nombres": "Victor Pe±a", "telefono": "+593 99 360 5289"}}, {"model": "CRM_Cuentas.cliente", "pk": 100, "fields": {"nombres": "Aladier", "telefono": "+593 96 830 8627"}}, {"model": "CRM_Cuentas.cliente", "pk": 101, "fields": {"nombres": "Rosa Rodriguez", "telefono": "+593 98 341 7504"}}, {"model": "CRM_Cuentas.cliente", "pk": 102, "fields": {"nombres": "Mario Ruiz", "telefono": "+593 93 909 7240"}}, {"model": "CRM_Cuentas.cliente", "pk": 103, "fields": {"nombres": "Jesus Centina", "telefono": "+593 98 042 8601"}}, {"model": "CRM_Cuentas.cliente", "pk": 104, "fields": {"nombres": "Aritec", "telefono": "+593 98 586 9075"}}, {"model": "CRM_Cuentas.cliente", "pk": 105, "fields": {"nombres": "Marcelo Espinoza", "telefono": "+593 99 063 3616"}}, {"model": "CRM_Cuentas.cliente", "pk": 106, "fields": {"nombres": "Paola Ramirez", "telefono": "+593 98 465 7475"}}, {"model": "CRM_Cuentas.cliente", "pk": 107, "fields": {"nombres": "Maritza Malacatus", "telefono": "+593 96 874 2563"}}, {"model": "CRM_Cuentas.cliente", "pk": 108, "fields": {"nombres": "Alisson Valle", "telefono": "+593 98 844 0850"}}, {"model": "CRM_Cuentas.cliente", "pk": 109, "fields": {"nombres": "Domenica Astudillo", "telefono": "+593 98 724 5715"}}, {"model": "CRM_Cuentas.cliente", "pk": 110, "fields": {"nombres": "Emeleo Quishpe", "telefono": "17732007633"}}, {"model": "CRM_Cuentas.cliente", "pk": 111, "fields": {"nombres": "Julio Andrade", "telefono": "+593 99 132 2344"}}, {"model": "CRM_Cuentas.cliente", "pk": 112, "fields": {"nombres": "Jose Encarnacion", "telefono": "+593 97 951 3112"}}, {"model": "CRM_Cuentas.cliente", "pk": 113, "fields": {"nombres": "Isis Ayala", "telefono": "+593 99 237 8240"}}, {"model": "CRM_Cuentas.cliente", "pk": 114, "fields": {"nombres": "Thiago Astudillo", "telefono": "+593 93 960 1578"}}, {"model": "CRM_Cuentas.cliente", "pk": 115, "fields": {"nombres": "John Villegas", "telefono": "+593 98 150 3661"}}, {"model": "CRM_Cuentas.cliente", "pk": 116, "fields": {"nombres": "Estela Guerra", "telefono": "51978012286"}}, {"model": "CRM_Cuentas.cliente", "pk": 117, "fields": {"nombres": "Gael Granda", "telefono": "+593 98 567 8542"}}, {"model": "CRM_Cuentas.cliente", "pk": 118, "fields": {"nombres": "Jandel Jacome", "telefono": "+593 98 565 5438"}}, {"model": "CRM_Cuentas.cliente", "pk": 119, "fields": {"nombres": "Geovanny Guachisaca", "telefono": "+593 99 234 8948"}}, {"model": "CRM_Cuentas.cliente", "pk": 120, "fields": {"nombres": "Angelica Balza", "telefono": "+593 98 415 1487"}}, {"model": "CRM_Cuentas.cliente", "pk": 121, "fields": {"nombres": "Belen Cede±o", "telefono": "+593 99 022 7748"}}, {"model": "CRM_Cuentas.cliente", "pk": 122, "fields": {"nombres": "FAMILIA", "telefono": "+593 99 386 5051"}}, {"model": "CRM_Cuentas.cliente", "pk": 123, "fields": {"nombres": "Limber Villavicencio", "telefono": "+593 98 416 9821"}}, {"model": "CRM_Cuentas.cliente", "pk": 124, "fields": {"nombres": "Blanca Soto", "telefono": "+593 96 719 0290"}}, {"model": "CRM_Cuentas.cliente", "pk": 125, "fields": {"nombres": "Kimberly Cepeda", "telefono": "+593 93 978 4786"}}, {"model": "CRM_Cuentas.cliente", "pk": 126, "fields": {"nombres": "Xiomara Cruz", "telefono": "+593 99 511 1968"}}, {"model": "CRM_Cuentas.cliente", "pk": 127, "fields": {"nombres": "AndrÚs Celi", "telefono": "+593 98 950 6931"}}, {"model": "CRM_Cuentas.cliente", "pk": 128, "fields": {"nombres": "Carlos Herrera", "telefono": "51969058223"}}, {"model": "CRM_Cuentas.cliente", "pk": 129, "fields": {"nombres": "Carlos Peralta", "telefono": "+593 93 990 8315"}}, {"model": "CRM_Cuentas.cliente", "pk": 130, "fields": {"nombres": "Danny", "telefono": "393519045538"}}, {"model": "CRM_Cuentas.cliente", "pk": 131, "fields": {"nombres": "Teresa Contreras", "telefono": "+593 98 725 4510"}}, {"model": "CRM_Cuentas.cliente", "pk": 132, "fields": {"nombres": "Danilo", "telefono": "+593 96 852 4054"}}, {"model": "CRM_Cuentas.cliente", "pk": 133, "fields": {"nombres": "Carmen", "telefono": "+593 96 983 5449"}}, {"model": "CRM_Cuentas.cliente", "pk": 134, "fields": {"nombres": "Angeles", "telefono": "+593 99 168 9398"}}, {"model": "CRM_Cuentas.cliente", "pk": 135, "fields": {"nombres": "Johiven Delej", "telefono": "+593 98 122 0494"}}, {"model": "CRM_Cuentas.cliente", "pk": 136, "fields": {"nombres": "Tio Gerardo", "telefono": "+593 99 292 4739"}}, {"model": "CRM_Cuentas.cliente", "pk": 137, "fields": {"nombres": "Daniel Arturo Ronaldo", "telefono": "+593 98 126 9426"}}, {"model": "CRM_Cuentas.cliente", "pk": 138, "fields": {"nombres": "Yeixon Mera", "telefono": "+593 99 216 1657"}}, {"model": "CRM_Cuentas.cliente", "pk": 139, "fields": {"nombres": "Galito Espinoza", "telefono": "+593 98 546 9934"}}, {"model": "CRM_Cuentas.cliente", "pk": 140, "fields": {"nombres": "Tita", "telefono": "+593 99 213 0530"}}, {"model": "CRM_Cuentas.cliente", "pk": 141, "fields": {"nombres": "Andy", "telefono": "593939238453"}}, {"model": "CRM_Cuentas.cliente", "pk": 142, "fields": {"nombres": "nan", "telefono": "NO VENDER"}}, {"model": "CRM_Cuentas.cliente", "pk": 143, "fields": {"nombres": "Cliente24", "telefono": "593991447978"}}, {"model": "CRM_Cuentas.cliente", "pk": 144, "fields": {"nombres": "Maira Perez", "telefono": "593985779264"}}, {"model": "CRM_Cuentas.cliente", "pk": 145, "fields": {"nombres": "Marylin", "telefono": "593979572599"}}, {"model": "CRM_Cuentas.cliente", "pk": 146, "fields": {"nombres": "Jennifer Olaya", "telefono": "593984782914"}}, {"model": "CRM_Cuentas.cliente", "pk": 147, "fields": {"nombres": "Genesis Rojas", "telefono": "593997550228"}}, {"model": "CRM_Cuentas.cliente", "pk": 148, "fields": {"nombres": "Michael Ortega", "telefono": "593994595220"}}, {"model": "CRM_Cuentas.cliente", "pk": 149, "fields": {"nombres": "David Perez", "telefono": "593993847046"}}, {"model": "CRM_Cuentas.cliente", "pk": 150, "fields": {"nombres": "Bayron Maldonado", "telefono": "593968620419"}}, {"model": "CRM_Cuentas.cliente", "pk": 151, "fields": {"nombres": "Nayeli Rios", "telefono": "593981678850"}}, {"model": "CRM_Cuentas.cliente", "pk": 152, "fields": {"nombres": "Arleth Condoy", "telefono": "593980111786"}}, {"model": "CRM_Cuentas.cliente", "pk": 153, "fields": {"nombres": "Laurissa", "telefono": "593939157178"}}, {"model": "CRM_Cuentas.cliente", "pk": 154, "fields": {"nombres": "Juan Medina", "telefono": "593998961392"}}, {"model": "CRM_Cuentas.cliente", "pk": 155, "fields": {"nombres": "Erick Lude±a", "telefono": "593994214839"}}, {"model": "CRM_Cuentas.cliente", "pk": 156, "fields": {"nombres": "Esperanza Chavez", "telefono": "593983983422"}}, {"model": "CRM_Cuentas.cliente", "pk": 157, "fields": {"nombres": "Cesar Lapo", "telefono": "593994443785"}}, {"model": "CRM_Cuentas.cliente", "pk": 158, "fields": {"nombres": "Carlos Torrelles", "telefono": "+51 930 202 660"}}, {"model": "CRM_Cuentas.cliente", "pk": 159, "fields": {"nombres": "Gabriela Rosado", "telefono": "593985572760"}}, {"model": "CRM_Cuentas.cliente", "pk": 160, "fields": {"nombres": "Narcisa Vasquez", "telefono": "593939422166"}}, {"model": "CRM_Cuentas.cliente", "pk": 161, "fields": {"nombres": "nan", "telefono": "1233"}}, {"model": "CRM_Cuentas.cliente", "pk": 162, "fields": {"nombres": "Luciana Silva", "telefono": "593994169660"}}, {"model": "CRM_Cuentas.cliente", "pk": 163, "fields": {"nombres": "Yosmery Coronoto", "telefono": "593984126965"}}, {"model": "CRM_Cuentas.cliente", "pk": 164, "fields": {"nombres": "Danny Valladol", "telefono": "593986579756"}}, {"model": "CRM_Cuentas.cliente", "pk": 165, "fields": {"nombres": "Kimberlin Cepeda", "telefono": "593939784786"}}, {"model": "CRM_Cuentas.cliente", "pk": 166, "fields": {"nombres": "Manuel Valecillos", "telefono": "+51 917 059 256"}}, {"model": "CRM_Cuentas.cliente", "pk": 167, "fields": {"nombres": "nan", "telefono": "7500"}}, {"model": "CRM_Cuentas.cliente", "pk": 168, "fields": {"nombres": "Angel Mora", "telefono": "593968631133"}}, {"model": "CRM_Cuentas.cliente", "pk": 169, "fields": {"nombres": "Maria Pelaez", "telefono": "593984864539"}}, {"model": "CRM_Cuentas.cliente", "pk": 170, "fields": {"nombres": "Steven", "telefono": "593987522145"}}, {"model": "CRM_Cuentas.cliente", "pk": 171, "fields": {"nombres": "Daniel Jiron", "telefono": "593997479287"}}, {"model": "CRM_Cuentas.cliente", "pk": 172, "fields": {"nombres": "Julio Cuenca", "telefono": "593991788505"}}, {"model": "CRM_Cuentas.cliente", "pk": 173, "fields": {"nombres": "Jose Cede±o", "telefono": "51 935120901"}}, {"model": "CRM_Cuentas.cliente", "pk": 174, "fields": {"nombres": "Dennis Pizarro", "telefono": "593997879100"}}, {"model": "CRM_Cuentas.cliente", "pk": 175, "fields": {"nombres": "Victor Pe±a", "telefono": "593993605289"}}, {"model": "CRM_Cuentas.cliente", "pk": 176, "fields": {"nombres": "Aladier", "telefono": "593968308627"}}, {"model": "CRM_Cuentas.cliente", "pk": 177, "fields": {"nombres": "Jesus Centina", "telefono": "593980428601"}}, {"model": "CRM_Cuentas.cliente", "pk": 178, "fields": {"nombres": "nan", "telefono": "7532"}}, {"model": "CRM_Cuentas.cliente", "pk": 179, "fields": {"nombres": "Maritza Malacatus", "telefono": "593968742563"}}, {"model": "CRM_Cuentas.cliente", "pk": 180, "fields": {"nombres": "Domenica Astudillo", "telefono": "593987245715"}}, {"model": "CRM_Cuentas.cliente", "pk": 181, "fields": {"nombres": "Emeleo Quishpe", "telefono": "+1 (773) 200-7633"}}, {"model": "CRM_Cuentas.cliente", "pk": 182, "fields": {"nombres": "Julio Andrade", "telefono": "593991322344"}}, {"model": "CRM_Cuentas.cliente", "pk": 183, "fields": {"nombres": "Isis Ayala", "telefono": "593992378240"}}, {"model": "CRM_Cuentas.cliente", "pk": 184, "fields": {"nombres": "Gael Granda", "telefono": "593985678542"}}, {"model": "CRM_Cuentas.cliente", "pk": 185, "fields": {"nombres": "Jandel Jacome", "telefono": "593985655438"}}, {"model": "CRM_Cuentas.cliente", "pk": 186, "fields": {"nombres": "Geovanny Guachisaca", "telefono": "593992348948"}}, {"model": "CRM_Cuentas.cliente", "pk": 187, "fields": {"nombres": "Angelica Balza", "telefono": "593984151487"}}, {"model": "CRM_Cuentas.cliente", "pk": 188, "fields": {"nombres": "Belen Cede±o", "telefono": "593990227748"}}, {"model": "CRM_Cuentas.cliente", "pk": 189, "fields": {"nombres": "Carlos Herrera", "telefono": "+51 969 058 223"}}, {"model": "CRM_Cuentas.cliente", "pk": 190, "fields": {"nombres": "Danny", "telefono": "+39 351 904 5538"}}, {"model": "CRM_Cuentas.cliente", "pk": 191, "fields": {"nombres": "nan", "telefono": "nan"}}, {"model": "CRM_Cuentas.cliente", "pk": 192, "fields": {"nombres": "PruebaCambio", "telefono": "9999999999"}}, {"model": "CRM_Cuentas.grupo", "pk": 1, "fields": {"descripcion": "1N"}}, {"model": "CRM_Cuentas.grupo", "pk": 2, "fields": {"descripcion": "6N"}}, {"model": "CRM_Cuentas.grupo", "pk": 3, "fields": {"descripcion": "2N"}}, {"model": "CRM_Cuentas.grupo", "pk": 4, "fields": {"descripcion": "3N"}}, {"model": "CRM_Cuentas.grupo", "pk": 5, "fields": {"descripcion": "5N"}}, {"model": "CRM_Cuentas.grupo", "pk": 6, "fields": {"descripcion": "1M"}}, {"model": "CRM_Cuentas.grupo", "pk": 7, "fields": {"descripcion": "2M"}}, {"model": "CRM_Cuentas.grupo", "pk": 8, "fields": {"descripcion": "3M"}}, {"model": "CRM_Cuentas.grupo", "pk": 9, "fields": {"descripcion": "4M"}}, {"model": "CRM_Cuentas.grupo", "pk": 10, "fields": {"descripcion": "5M"}}, {"model": "CRM_Cuentas.grupo", "pk": 11, "fields": {"descripcion": "6M"}}, {"model": "CRM_Cuentas.grupo", "pk": 12, "fields": {"descripcion": "7M"}}, {"model": "CRM_Cuentas.grupo", "pk": 13, "fields": {"descripcion": "8M"}}, {"model": "CRM_Cuentas.grupo", "pk": 14, "fields": {"descripcion": "9M"}}, {"model": "CRM_Cuentas.grupo", "pk": 15, "fields": {"descripcion": "10M"}}, {"model": "CRM_Cuentas.grupo", "pk": 16, "fields": {"descripcion": "11M"}}, {"model": "CRM_Cuentas.grupo", "pk": 17, "fields": {"descripcion": "1A"}}, {"model": "CRM_Cuentas.tipodispositivo", "pk": 1, "fields": {"descripcion": "TV"}}, {"model": "CRM_Cuentas.servicio", "pk": 1, "fields": {"descripcion": "Netflix", "precio_mayorista": "8.00", "cantidad_perfiles": 5}}, {"model": "CRM_Cuentas.servicio", "pk": 2, "fields": {"descripcion": "MagisTV", "precio_mayorista": "4.50", "cantidad_perfiles": 3}}, {"model": "CRM_Cuentas.servicio", "pk": 3, "fields": {"descripcion": "Prime Video 1 Perfil", "precio_mayorista": "2.00", "cantidad_perfiles": 1}}, {"model": "CRM_Cuentas.cuenta", "pk": 1, "fields": {"correo_cuenta": "bvtws@accbnet.com", "contrasena": "cuentasmart456", "fech_inicio": "2023-01-04", "mes": 20, "fech_fin": "2024-09-04", "estado": true, "id_servicio": 1, "id_grupo": 1, "id_tipo_dispositivo": 1}}, {"model": "CRM_Cuentas.cuenta", "pk": 2, "fields": {"correo_cuenta": "douchet@accbnet.com", "contrasena": "cuentasmart123", "fech_inicio": "2023-04-04", "mes": 20, "fech_fin": "2024-12-04", "estado": true, "id_servicio": 1, "id_grupo": 2, "id_tipo_dispositivo": 1}}, {"model": "CRM_Cuentas.cuenta", "pk": 3, "fields": {"correo_cuenta": "tvplay47@accbnet.com", "contrasena": "cuentasmart123", "fech_inicio": "2023-04-28", "mes": 19, "fech_fin": "2024-11-28", "estado": true, "id_servicio": 1, "id_grupo": 1, "id_tipo_dispositivo": 1}}, {"model": "CRM_Cuentas.cuenta", "pk": 4, "fields": {"correo_cuenta": "tenis@accbnet.com", "contrasena": "cuentasmart123", "fech_inicio": "2023-09-30", "mes": 14, "fech_fin": "2024-11-30", "estado": true, "id_servicio": 1, "id_grupo": 1, "id_tipo_dispositivo": 1}}, {"model": "CRM_Cuentas.cuenta", "pk": 5, "fields": {"correo_cuenta": "jotfrouss@accbnet.com", "contrasena": "cuentasmart789", "fech_inicio": "2023-07-04", "mes": 20, "fech_fin": "2025-03-04", "estado": true, "id_servicio": 1, "id_grupo": 3, "id_tipo_dispositivo": 1}}, {"model": "CRM_Cuentas.cuenta", "pk": 6, "fields": {"correo_cuenta": "rouss345@accbnet.com", "contrasena": "ta101010", "fech_inicio": "2023-08-04", "mes": 20, "fech_fin": "2025-04-04", "estado": true, "id_servicio": 1, "id_grupo": 3, "id_tipo_dispositivo": 1}}, {"model": "CRM_Cuentas.cuenta", "pk": 7, "fields": {"correo_cuenta": "23roussnetx@accbnet.com", "contrasena": "dradra", "fech_inicio": "2023-08-04", "mes": 20, "fech_fin": "2025-04-04", "estado": true, "id_servicio": 1, "id_grupo": 3, "id_tipo_dispositivo": 1}}, {"model": "CRM_Cuentas.cuenta", "pk": 8, "fields": {"correo_cuenta": "hyndorouss@accbnet.com", "contrasena": "dreder", "fech_inicio": "2023-05-12", "mes": 12, "fech_fin": "2024-05-12", "estado": true, "id_servicio": 1, "id_grupo": 3, "id_tipo_dispositivo": 1}}, {"model": "CRM_Cuentas.cuenta", "pk": 9, "fields": {"correo_cuenta": "ska81jak@accbnet.com", "contrasena": "cuentasmart123", "fech_inicio": "2023-12-04", "mes": 20, "fech_fin": "2025-08-04", "estado": true, "id_servicio": 1, "id_grupo": 4, "id_tipo_dispositivo": 1}}, {"model": "CRM_Cuentas.cuenta", "pk": 10, "fields": {"correo_cuenta": "sonmusic@accbnet.com", "contrasena": "cuentasmart123", "fech_inicio": "2023-09-06", "mes": 18, "fech_fin": "2025-03-06", "estado": true, "id_servicio": 1, "id_grupo": 4, "id_tipo_dispositivo": 1}}, {"model": "CRM_Cuentas.cuenta", "pk": 11, "fields": {"correo_cuenta": "mangirouss@accbnet.com", "contrasena": "cuentasmart123", "fech_inicio": "2023-04-13", "mes": 20, "fech_fin": "2024-12-13", "estado": true, "id_servicio": 1, "id_grupo": 4, "id_tipo_dispositivo": 1}}, {"model": "CRM_Cuentas.cuenta", "pk": 12, "fields": {"correo_cuenta": "loprrouss@accbnet.com", "contrasena": "dradel", "fech_inicio": "2023-12-13", "mes": 12, "fech_fin": "2024-12-13", "estado": true, "id_servicio": 1, "id_grupo": 4, "id_tipo_dispositivo": 1}}, {"model": "CRM_Cuentas.cuenta", "pk": 13, "fields": {"correo_cuenta": "hent@accbnet.com", "contrasena": "cuentasmart456", "fech_inicio": "2024-12-01", "mes": 11, "fech_fin": "2025-11-01", "estado": true, "id_servicio": 1, "id_grupo": 4, "id_tipo_dispositivo": 1}}, {"model": "CRM_Cuentas.cuenta", "pk": 14, "fields": {"correo_cuenta": "roussdil@accbnet.com", "contrasena": "cuentasmart123", "fech_inicio": "2023-04-22", "mes": 20, "fech_fin": "2024-12-22", "estado": true, "id_servicio": 1, "id_grupo": 5, "id_tipo_dispositivo": 1}}, {"model": "CRM_Cuentas.cuenta", "pk": 15, "fields": {"correo_cuenta": "jonax21@accbnet.com", "contrasena": "cuentatelef123", "fech_inicio": "2023-04-20", "mes": 20, "fech_fin": "2024-12-20", "estado": true, "id_servicio": 1, "id_grupo": 5, "id_tipo_dispositivo": 1}}, {"model": "CRM_Cuentas.cuenta", "pk": 16, "fields": {"correo_cuenta": "dunstouss@accbnet.com", "contrasena": "cuentasmart123", "fech_inicio": "2024-01-18", "mes": 11, "fech_fin": "2024-12-18", "estado": true, "id_servicio": 1, "id_grupo": 5, "id_tipo_dispositivo": 1}}, {"model": "CRM_Cuentas.cuenta", "pk": 17, "fields": {"correo_cuenta": "trb0044500@accbnet.com", "contrasena": "cuentasmart123", "fech_inicio": "2024-09-03", "mes": 9, "fech_fin": "2025-06-03", "estado": true, "id_servicio": 1, "id_grupo": 4, "id_tipo_dispositivo": 1}}, {"model": "CRM_Cuentas.cuenta", "pk": 18, "fields": {"correo_cuenta": "paathyrsoroysstv@accbnet.com", "contrasena": "rouss123", "fech_inicio": "2024-03-23", "mes": 9, "fech_fin": "2024-12-23", "estado": true, "id_servicio": 1, "id_grupo": 5, "id_tipo_dispositivo": 1}}, {"model": "CRM_Cuentas.cuenta", "pk": 19, "fields": {"correo_cuenta": "marlonyarull+329hy@accbnet.com", "contrasena": "cuentasmart123", "fech_inicio": "2024-05-21", "mes": 7, "fech_fin": "2024-12-21", "estado": true, "id_servicio": 1, "id_grupo": 5, "id_tipo_dispositivo": 1}}, {"model": "CRM_Cuentas.cuenta", "pk": 20, "fields": {"correo_cuenta": "roussnetfxjumb@accbnet.com", "contrasena": "dander", "fech_inicio": "2024-06-23", "mes": 6, "fech_fin": "2024-12-23", "estado": true, "id_servicio": 1, "id_grupo": 5, "id_tipo_dispositivo": 1}}, {"model": "CRM_Cuentas.cuenta", "pk": 21, "fields": {"correo_cuenta": "anfhsrouss@accbnet.com", "contrasena": "live12345", "fech_inicio": "2024-05-26", "mes": 6, "fech_fin": "2024-11-26", "estado": true, "id_servicio": 1, "id_grupo": 2, "id_tipo_dispositivo": 1}}, {"model": "CRM_Cuentas.cuenta", "pk": 22, "fields": {"correo_cuenta": "rousspaz333@accbnet.com", "contrasena": "live12345", "fech_inicio": "2024-05-25", "mes": 6, "fech_fin": "2024-11-25", "estado": true, "id_servicio": 1, "id_grupo": 2, "id_tipo_dispositivo": 1}}, {"model": "CRM_Cuentas.cuenta", "pk": 23, "fields": {"correo_cuenta": "gardenrouss@accbnet.com", "contrasena": "cuentasmart123", "fech_inicio": "2024-05-25", "mes": 6, "fech_fin": "2024-11-25", "estado": true, "id_servicio": 1, "id_grupo": 2, "id_tipo_dispositivo": 1}}, {"model": "CRM_Cuentas.cuenta", "pk": 24, "fields": {"correo_cuenta": "jhusrouss@accbnet.com", "contrasena": "tvtvtv", "fech_inicio": "2024-05-26", "mes": 6, "fech_fin": "2024-11-26", "estado": true, "id_servicio": 1, "id_grupo": 2, "id_tipo_dispositivo": 1}}, {"model": "CRM_Cuentas.cuenta", "pk": 25, "fields": {"correo_cuenta": "zareutov@accbnet.com", "contrasena": "cuentasmart456", "fech_inicio": "2024-05-27", "mes": 6, "fech_fin": "2024-11-27", "estado": true, "id_servicio": 1, "id_grupo": 2, "id_tipo_dispositivo": 1}}, {"model": "CRM_Cuentas.cuenta", "pk": 26, "fields": {"correo_cuenta": "worrus2108@accbnet.com", "contrasena": "cuentatelef123", "fech_inicio": "2024-05-29", "mes": 6, "fech_fin": "2024-11-29", "estado": true, "id_servicio": 1, "id_grupo": 2, "id_tipo_dispositivo": 1}}, {"model": "CRM_Cuentas.cuenta", "pk": 27, "fields": {"correo_cuenta": "dorshrouss@accbnet.com", "contrasena": "cuentasmart123", "fech_inicio": "2024-06-05", "mes": 7, "fech_fin": "2025-01-05", "estado": true, "id_servicio": 1, "id_grupo": 3, "id_tipo_dispositivo": 1}}, {"model": "CRM_Cuentas.cuenta", "pk": 28, "fields": {"correo_cuenta": "rouss05tv@accbnet.com", "contrasena": "cuentasmart456", "fech_inicio": "2024-07-30", "mes": 4, "fech_fin": "2024-11-30", "estado": true, "id_servicio": 1, "id_grupo": 1, "id_tipo_dispositivo": 1}}, {"model": "CRM_Cuentas.cuenta", "pk": 29, "fields": {"correo_cuenta": "roussnet17@accbnet.com", "contrasena": "cuentatelef123", "fech_inicio": "2024-07-30", "mes": 4, "fech_fin": "2024-11-30", "estado": true, "id_servicio": 1, "id_grupo": 3, "id_tipo_dispositivo": 1}}, {"model": "CRM_Cuentas.cuenta", "pk": 30, "fields": {"correo_cuenta": "ustwrouss@accbnet.com", "contrasena": "cuentatelef456", "fech_inicio": "2024-07-30", "mes": 4, "fech_fin": "2024-11-30", "estado": true, "id_servicio": 1, "id_grupo": 3, "id_tipo_dispositivo": 1}}, {"model": "CRM_Cuentas.cuenta", "pk": 31, "fields": {"correo_cuenta": "limone25@accbnet.com", "contrasena": "delrouss", "fech_inicio": "2024-08-27", "mes": 2, "fech_fin": "2024-10-27", "estado": true, "id_servicio": 1, "id_grupo": null, "id_tipo_dispositivo": 1}}, {"model": "CRM_Cuentas.cuenta", "pk": 32, "fields": {"correo_cuenta": "diblocwin@accbnet.com", "contrasena": "cuentasmart123", "fech_inicio": "2024-02-11", "mes": 1, "fech_fin": "2024-03-11", "estado": true, "id_servicio": 1, "id_grupo": null, "id_tipo_dispositivo": 1}}, {"model": "CRM_Cuentas.cuenta", "pk": 33, "fields": {"correo_cuenta": "mah@accbnet.com", "contrasena": "dokrouss", "fech_inicio": "2024-02-11", "mes": 0, "fech_fin": "2024-02-11", "estado": true, "id_servicio": 1, "id_grupo": null, "id_tipo_dispositivo": 1}}, {"model": "CRM_Cuentas.cuenta", "pk": 34, "fields": {"correo_cuenta": "gsa1234", "contrasena": "gsa", "fech_inicio": "2024-02-02", "mes": 10, "fech_fin": "2024-12-02", "estado": true, "id_servicio": 2, "id_grupo": 6, "id_tipo_dispositivo": 1}}, {"model": "CRM_Cuentas.cuenta", "pk": 35, "fields": {"correo_cuenta": "magis032t", "contrasena": "magis32", "fech_inicio": "2024-10-09", "mes": 3, "fech_fin": "2025-01-09", "estado": true, "id_servicio": 2, "id_grupo": 7, "id_tipo_dispositivo": 1}}, {"model": "CRM_Cuentas.cuenta", "pk": 36, "fields": {"correo_cuenta": "magis033t", "contrasena": "33magis", "fech_inicio": "2024-09-02", "mes": 10, "fech_fin": "2025-07-02", "estado": true, "id_servicio": 2, "id_grupo": 8, "id_tipo_dispositivo": 1}}, {"model": "CRM_Cuentas.cuenta", "pk": 37, "fields": {"correo_cuenta": "magis038t", "contrasena": "MAGIS38", "fech_inicio": "2024-02-16", "mes": 10, "fech_fin": "2024-12-16", "estado": true, "id_servicio": 2, "id_grupo": 9, "id_tipo_dispositivo": 1}}, {"model": "CRM_Cuentas.cuenta", "pk": 38, "fields": {"correo_cuenta": "magis50tvv", "contrasena": "magistv50tv", "fech_inicio": "2024-06-20", "mes": 6, "fech_fin": "2024-12-20", "estado": true, "id_servicio": 2, "id_grupo": 10, "id_tipo_dispositivo": 1}}, {"model": "CRM_Cuentas.cuenta", "pk": 39, "fields": {"correo_cuenta": "magis052tv", "contrasena": "052magis", "fech_inicio": "2024-09-06", "mes": 6, "fech_fin": "2025-03-06", "estado": true, "id_servicio": 2, "id_grupo": 11, "id_tipo_dispositivo": 1}}, {"model": "CRM_Cuentas.cuenta", "pk": 40, "fields": {"correo_cuenta": "magis54tvv", "contrasena": "magis", "fech_inicio": "2024-06-16", "mes": 6, "fech_fin": "2024-12-16", "estado": true, "id_servicio": 2, "id_grupo": 12, "id_tipo_dispositivo": 1}}, {"model": "CRM_Cuentas.cuenta", "pk": 41, "fields": {"correo_cuenta": "magis55tvv", "contrasena": "ma55gis", "fech_inicio": "2024-06-21", "mes": 6, "fech_fin": "2024-12-21", "estado": true, "id_servicio": 2, "id_grupo": 13, "id_tipo_dispositivo": 1}}, {"model": "CRM_Cuentas.cuenta", "pk": 42, "fields": {"correo_cuenta": "magis58tvv", "contrasena": "58magis", "fech_inicio": "2024-07-21", "mes": 5, "fech_fin": "2024-12-21", "estado": true, "id_servicio": 2, "id_grupo": 14, "id_tipo_dispositivo": 1}}, {"model": "CRM_Cuentas.cuenta", "pk": 43, "fields": {"correo_cuenta": "magis59tvv", "contrasena": "magis59", "fech_inicio": "2024-11-14", "mes": 1, "fech_fin": "2024-12-14", "estado": true, "id_servicio": 2, "id_grupo": 15, "id_tipo_dispositivo": 1}}, {"model": "CRM_Cuentas.cuenta", "pk": 44, "fields": {"correo_cuenta": "magis60tv", "contrasena": "magis60", "fech_inicio": "2024-01-12", "mes": 1, "fech_fin": "2024-02-12", "estado": true, "id_servicio": 2, "id_grupo": 16, "id_tipo_dispositivo": 1}}, {"model": "CRM_Cuentas.cuenta", "pk": 45, "fields": {"correo_cuenta": "Eliasjroo+braulina@hotmail.com", "contrasena": "Braulina#67", "fech_inicio": "2024-01-01", "mes": 1, "fech_fin": "2024-02-01", "estado": true, "id_servicio": 3, "id_grupo": 17, "id_tipo_dispositivo": 1}}, {"model": "CRM_Cuentas.cuenta", "pk": 46, "fields": {"correo_cuenta": "Fabriliak+perez@hotmail.com", "contrasena": "PÚrez+78", "fech_inicio": "2024-01-01", "mes": 1, "fech_fin": "2024-02-01", "estado": true, "id_servicio": 3, "id_grupo": 17, "id_tipo_dispositivo": 1}}, {"model": "CRM_Cuentas.cuenta", "pk": 47, "fields": {"correo_cuenta": "NetflixAnterior", "contrasena": "fds", "fech_inicio": "2024-12-08", "mes": 1, "fech_fin": "2025-01-08", "estado": true, "id_servicio": 1, "id_grupo": 17, "id_tipo_dispositivo": 1}}, {"model": "CRM_Cuentas.cuenta", "pk": 48, "fields": {"correo_cuenta": "NetflixNuevo", "contrasena": "1233", "fech_inicio": "2024-12-08", "mes": 5, "fech_fin": "2025-05-08", "estado": true, "id_servicio": 1, "id_grupo": 11, "id_tipo_dispositivo": 1}}, {"model": "CRM_Cuentas.perfilcuenta", "pk": 6943, "fields": {"usuario": "Jhoel", "pin": 1477, "id_cuenta": 1, "asignado": true}}, {"model": "CRM_Cuentas.perfilcuenta", "pk": 6944, "fields": {"usuario": "Lizbeth Hernandez", "pin": 4566, "id_cuenta": 1, "asignado": true}}, {"model": "CRM_Cuentas.perfilcuenta", "pk": 6945, "fields": {"usuario": "Kiara", "pin": 7845, "id_cuenta": 1, "asignado": true}}, {"model": "CRM_Cuentas.perfilcuenta", "pk": 6946, "fields": {"usuario": "5", "pin": 4566, "id_cuenta": 1, "asignado": true}}, {"model": "CRM_Cuentas.perfilcuenta", "pk": 6947, "fields": {"usuario": "Karina Espinoza", "pin": 7500, "id_cuenta": 1, "asignado": true}}, {"model": "CRM_Cuentas.perfilcuenta", "pk": 6948, "fields": {"usuario": "Genesis Jima", "pin": 1477, "id_cuenta": 2, "asignado": true}}, {"model": "CRM_Cuentas.perfilcuenta", "pk": 6949, "fields": {"usuario": "Danilo Zapata", "pin": 7532, "id_cuenta": 2, "asignado": true}}, {"model": "CRM_Cuentas.perfilcuenta", "pk": 6950, "fields": {"usuario": "NO VENDER", "pin": 5461, "id_cuenta": 2, "asignado": true}}, {"model": "CRM_Cuentas.perfilcuenta", "pk": 6951, "fields": {"usuario": "Edgar Rodrigo", "pin": 1233, "id_cuenta": 2, "asignado": true}}, {"model": "CRM_Cuentas.perfilcuenta", "pk": 6952, "fields": {"usuario": "5", "pin": 4566, "id_cuenta": 2, "asignado": true}}, {"model": "CRM_Cuentas.perfilcuenta", "pk": 6953, "fields": {"usuario": "1", "pin": 1245, "id_cuenta": 3, "asignado": true}}, {"model": "CRM_Cuentas.perfilcuenta", "pk": 6954, "fields": {"usuario": "Alexander Moreno 1", "pin": 7845, "id_cuenta": 3, "asignado": true}}, {"model": "CRM_Cuentas.perfilcuenta", "pk": 6955, "fields": {"usuario": "Marylin", "pin": 3699, "id_cuenta": 3, "asignado": true}}, {"model": "CRM_Cuentas.perfilcuenta", "pk": 6956, "fields": {"usuario": "Jose Macas", "pin": 1233, "id_cuenta": 3, "asignado": true}}, {"model": "CRM_Cuentas.perfilcuenta", "pk": 6957, "fields": {"usuario": "Jennifer Olaya", "pin": 7500, "id_cuenta": 3, "asignado": true}}, {"model": "CRM_Cuentas.perfilcuenta", "pk": 6958, "fields": {"usuario": "1", "pin": 1477, "id_cuenta": 4, "asignado": true}}, {"model": "CRM_Cuentas.perfilcuenta", "pk": 6959, "fields": {"usuario": "5", "pin": 2588, "id_cuenta": 4, "asignado": true}}, {"model": "CRM_Cuentas.perfilcuenta", "pk": 6960, "fields": {"usuario": "David Perez", "pin": 1245, "id_cuenta": 4, "asignado": true}}, {"model": "CRM_Cuentas.perfilcuenta", "pk": 6961, "fields": {"usuario": "Bayron Maldonado", "pin": 1233, "id_cuenta": 4, "asignado": true}}, {"model": "CRM_Cuentas.perfilcuenta", "pk": 6962, "fields": {"usuario": "Willy Delgado", "pin": 4566, "id_cuenta": 4, "asignado": true}}, {"model": "CRM_Cuentas.perfilcuenta", "pk": 6963, "fields": {"usuario": "Cindy Ortega", "pin": 1477, "id_cuenta": 5, "asignado": true}}, {"model": "CRM_Cuentas.perfilcuenta", "pk": 6964, "fields": {"usuario": "4", "pin": 1233, "id_cuenta": 5, "asignado": true}}, {"model": "CRM_Cuentas.perfilcuenta", "pk": 6965, "fields": {"usuario": "NO VENDER", "pin": 6051, "id_cuenta": 5, "asignado": true}}, {"model": "CRM_Cuentas.perfilcuenta", "pk": 6966, "fields": {"usuario": "Kerly 1", "pin": 1245, "id_cuenta": 5, "asignado": true}}, {"model": "CRM_Cuentas.perfilcuenta", "pk": 6967, "fields": {"usuario": "Kerly 2", "pin": 2356, "id_cuenta": 5, "asignado": true}}, {"model": "CRM_Cuentas.perfilcuenta", "pk": 6968, "fields": {"usuario": "1-2-3-4-5", "pin": 1477, "id_cuenta": 6, "asignado": true}}, {"model": "CRM_Cuentas.perfilcuenta", "pk": 6969, "fields": {"usuario": "1-2-3-4-5", "pin": 2588, "id_cuenta": 6, "asignado": true}}, {"model": "CRM_Cuentas.perfilcuenta", "pk": 6970, "fields": {"usuario": "1-2-3-4-5", "pin": 3699, "id_cuenta": 6, "asignado": true}}, {"model": "CRM_Cuentas.perfilcuenta", "pk": 6971, "fields": {"usuario": "1-2-3-4-5", "pin": 1233, "id_cuenta": 6, "asignado": true}}, {"model": "CRM_Cuentas.perfilcuenta", "pk": 6972, "fields": {"usuario": "1-2-3-4-5", "pin": 4566, "id_cuenta": 6, "asignado": true}}, {"model": "CRM_Cuentas.perfilcuenta", "pk": 6973, "fields": {"usuario": "Evy", "pin": 1477, "id_cuenta": 7, "asignado": true}}, {"model": "CRM_Cuentas.perfilcuenta", "pk": 6974, "fields": {"usuario": "Johanna Cordova", "pin": 7532, "id_cuenta": 7, "asignado": true}}, {"model": "CRM_Cuentas.perfilcuenta", "pk": 6975, "fields": {"usuario": "Helton Herrera", "pin": 4566, "id_cuenta": 7, "asignado": true}}, {"model": "CRM_Cuentas.perfilcuenta", "pk": 6976, "fields": {"usuario": "4", "pin": 1245, "id_cuenta": 7, "asignado": true}}, {"model": "CRM_Cuentas.perfilcuenta", "pk": 6977, "fields": {"usuario": "5", "pin": 7500, "id_cuenta": 7, "asignado": true}}, {"model": "CRM_Cuentas.perfilcuenta", "pk": 6978, "fields": {"usuario": "1", "pin": 1477, "id_cuenta": 8, "asignado": true}}, {"model": "CRM_Cuentas.perfilcuenta", "pk": 6979, "fields": {"usuario": "Juan Medina", "pin": 7532, "id_cuenta": 8, "asignado": true}}, {"model": "CRM_Cuentas.perfilcuenta", "pk": 6980, "fields": {"usuario": "Cambiar a marcos", "pin": 4566, "id_cuenta": 8, "asignado": true}}, {"model": "CRM_Cuentas.perfilcuenta", "pk": 6981, "fields": {"usuario": "Deysi Cando", "pin": 1233, "id_cuenta": 8, "asignado": true}}, {"model": "CRM_Cuentas.perfilcuenta", "pk": 6982, "fields": {"usuario": "NO VENDER", "pin": 8506, "id_cuenta": 8, "asignado": true}}, {"model": "CRM_Cuentas.perfilcuenta", "pk": 6983, "fields": {"usuario": "Niurka Celi", "pin": 1477, "id_cuenta": 9, "asignado": true}}, {"model": "CRM_Cuentas.perfilcuenta", "pk": 6984, "fields": {"usuario": "EL ELEGANTE", "pin": 2588, "id_cuenta": 9, "asignado": true}}, {"model": "CRM_Cuentas.perfilcuenta", "pk": 6985, "fields": {"usuario": "4", "pin": 1598, "id_cuenta": 9, "asignado": true}}, {"model": "CRM_Cuentas.perfilcuenta", "pk": 6986, "fields": {"usuario": "Cesar Lapo", "pin": 1233, "id_cuenta": 9, "asignado": true}}, {"model": "CRM_Cuentas.perfilcuenta", "pk": 6987, "fields": {"usuario": "NO VENDER", "pin": 7049, "id_cuenta": 9, "asignado": true}}, {"model": "CRM_Cuentas.perfilcuenta", "pk": 6988, "fields": {"usuario": "Ronald", "pin": 1245, "id_cuenta": 10, "asignado": true}}, {"model": "CRM_Cuentas.perfilcuenta", "pk": 6989, "fields": {"usuario": "Carlos Torrelles 2", "pin": 2588, "id_cuenta": 10, "asignado": true}}, {"model": "CRM_Cuentas.perfilcuenta", "pk": 6990, "fields": {"usuario": "Alexander Moreno 2", "pin": 7845, "id_cuenta": 10, "asignado": true}}, {"model": "CRM_Cuentas.perfilcuenta", "pk": 6991, "fields": {"usuario": "Enrique Romero", "pin": 1233, "id_cuenta": 10, "asignado": true}}, {"model": "CRM_Cuentas.perfilcuenta", "pk": 6992, "fields": {"usuario": "5", "pin": 4566, "id_cuenta": 10, "asignado": true}}, {"model": "CRM_Cuentas.perfilcuenta", "pk": 6993, "fields": {"usuario": "Narcisa Vasquez", "pin": 8959, "id_cuenta": 11, "asignado": true}}, {"model": "CRM_Cuentas.perfilcuenta", "pk": 6994, "fields": {"usuario": "Solanye", "pin": 2356, "id_cuenta": 11, "asignado": true}}, {"model": "CRM_Cuentas.perfilcuenta", "pk": 6995, "fields": {"usuario": "Jorge", "pin": 1245, "id_cuenta": 11, "asignado": true}}, {"model": "CRM_Cuentas.perfilcuenta", "pk": 6996, "fields": {"usuario": "4", "pin": 2935, "id_cuenta": 11, "asignado": true}}, {"model": "CRM_Cuentas.perfilcuenta", "pk": 6997, "fields": {"usuario": "NO VENDER", "pin": 4348, "id_cuenta": 11, "asignado": true}}, {"model": "CRM_Cuentas.perfilcuenta", "pk": 6998, "fields": {"usuario": "1", "pin": 2588, "id_cuenta": 12, "asignado": true}}, {"model": "CRM_Cuentas.perfilcuenta", "pk": 6999, "fields": {"usuario": "Marcia", "pin": 1245, "id_cuenta": 12, "asignado": true}}, {"model": "CRM_Cuentas.perfilcuenta", "pk": 7000, "fields": {"usuario": "Kiana", "pin": 7845, "id_cuenta": 12, "asignado": true}}, {"model": "CRM_Cuentas.perfilcuenta", "pk": 7001, "fields": {"usuario": "Sol", "pin": 7532, "id_cuenta": 12, "asignado": true}}, {"model": "CRM_Cuentas.perfilcuenta", "pk": 7002, "fields": {"usuario": "Darwin Monrroy", "pin": 7500, "id_cuenta": 12, "asignado": true}}, {"model": "CRM_Cuentas.perfilcuenta", "pk": 7003, "fields": {"usuario": "Anthony", "pin": 7532, "id_cuenta": 13, "asignado": true}}, {"model": "CRM_Cuentas.perfilcuenta", "pk": 7004, "fields": {"usuario": "Carlos Torrelles", "pin": 4566, "id_cuenta": 13, "asignado": true}}, {"model": "CRM_Cuentas.perfilcuenta", "pk": 7005, "fields": {"usuario": "Ariel", "pin": 1234, "id_cuenta": 13, "asignado": true}}, {"model": "CRM_Cuentas.perfilcuenta", "pk": 7006, "fields": {"usuario": "Luciana Silva", "pin": 8956, "id_cuenta": 13, "asignado": true}}, {"model": "CRM_Cuentas.perfilcuenta", "pk": 7007, "fields": {"usuario": "Conny Roxana", "pin": 7532, "id_cuenta": 13, "asignado": true}}, {"model": "CRM_Cuentas.perfilcuenta", "pk": 7008, "fields": {"usuario": "Luis Linares", "pin": 7500, "id_cuenta": 14, "asignado": true}}, {"model": "CRM_Cuentas.perfilcuenta", "pk": 7009, "fields": {"usuario": "Evelyn Vizuete", "pin": 4566, "id_cuenta": 14, "asignado": true}}, {"model": "CRM_Cuentas.perfilcuenta", "pk": 7010, "fields": {"usuario": "Yosmery Coronoto", "pin": 4566, "id_cuenta": 14, "asignado": true}}, {"model": "CRM_Cuentas.perfilcuenta", "pk": 7011, "fields": {"usuario": "Jorge Preciado", "pin": 1598, "id_cuenta": 14, "asignado": true}}, {"model": "CRM_Cuentas.perfilcuenta", "pk": 7012, "fields": {"usuario": "Rosmary Yajune", "pin": 2356, "id_cuenta": 14, "asignado": true}}, {"model": "CRM_Cuentas.perfilcuenta", "pk": 7013, "fields": {"usuario": "1", "pin": 7532, "id_cuenta": 15, "asignado": true}}, {"model": "CRM_Cuentas.perfilcuenta", "pk": 7014, "fields": {"usuario": "Yadira Leon", "pin": 7500, "id_cuenta": 15, "asignado": true}}, {"model": "CRM_Cuentas.perfilcuenta", "pk": 7015, "fields": {"usuario": "5", "pin": 1598, "id_cuenta": 15, "asignado": true}}, {"model": "CRM_Cuentas.perfilcuenta", "pk": 7016, "fields": {"usuario": "Lady", "pin": 2589, "id_cuenta": 15, "asignado": true}}, {"model": "CRM_Cuentas.perfilcuenta", "pk": 7017, "fields": {"usuario": "Danny Valladol", "pin": 4566, "id_cuenta": 15, "asignado": true}}, {"model": "CRM_Cuentas.perfilcuenta", "pk": 7018, "fields": {"usuario": "1", "pin": 1477, "id_cuenta": 16, "asignado": true}}, {"model": "CRM_Cuentas.perfilcuenta", "pk": 7019, "fields": {"usuario": "Ronald Tenesaca", "pin": 4512, "id_cuenta": 16, "asignado": true}}, {"model": "CRM_Cuentas.perfilcuenta", "pk": 7020, "fields": {"usuario": "5", "pin": 4566, "id_cuenta": 16, "asignado": true}}, {"model": "CRM_Cuentas.perfilcuenta", "pk": 7021, "fields": {"usuario": "Kimberlin Cepeda", "pin": 1233, "id_cuenta": 16, "asignado": true}}, {"model": "CRM_Cuentas.perfilcuenta", "pk": 7022, "fields": {"usuario": "Pardo", "pin": 7532, "id_cuenta": 16, "asignado": true}}, {"model": "CRM_Cuentas.perfilcuenta", "pk": 7023, "fields": {"usuario": "Wagner Fajardo", "pin": 1245, "id_cuenta": 17, "asignado": true}}, {"model": "CRM_Cuentas.perfilcuenta", "pk": 7024, "fields": {"usuario": "Manuel Valecillos 1", "pin": 2589, "id_cuenta": 17, "asignado": true}}, {"model": "CRM_Cuentas.perfilcuenta", "pk": 7025, "fields": {"usuario": "Verito", "pin": 2588, "id_cuenta": 17, "asignado": true}}, {"model": "CRM_Cuentas.perfilcuenta", "pk": 7026, "fields": {"usuario": "Yanely Parra", "pin": 1245, "id_cuenta": 17, "asignado": true}}, {"model": "CRM_Cuentas.perfilcuenta", "pk": 7027, "fields": {"usuario": "5", "pin": 1598, "id_cuenta": 17, "asignado": false}}, {"model": "CRM_Cuentas.perfilcuenta", "pk": 7028, "fields": {"usuario": "1-2-3-4-5", "pin": 1369, "id_cuenta": 18, "asignado": true}}, {"model": "CRM_Cuentas.perfilcuenta", "pk": 7029, "fields": {"usuario": "1-2-3-4-5", "pin": 6525, "id_cuenta": 18, "asignado": true}}, {"model": "CRM_Cuentas.perfilcuenta", "pk": 7030, "fields": {"usuario": "1-2-3-4-5", "pin": 8640, "id_cuenta": 18, "asignado": true}}, {"model": "CRM_Cuentas.perfilcuenta", "pk": 7031, "fields": {"usuario": "1-2-3-4-5", "pin": 8066, "id_cuenta": 18, "asignado": true}}, {"model": "CRM_Cuentas.perfilcuenta", "pk": 7032, "fields": {"usuario": "1-2-3-4-5", "pin": 9499, "id_cuenta": 18, "asignado": true}}, {"model": "CRM_Cuentas.perfilcuenta", "pk": 7033, "fields": {"usuario": "Ismael", "pin": 1477, "id_cuenta": 19, "asignado": true}}, {"model": "CRM_Cuentas.perfilcuenta", "pk": 7034, "fields": {"usuario": "5", "pin": 4126, "id_cuenta": 19, "asignado": true}}, {"model": "CRM_Cuentas.perfilcuenta", "pk": 7035, "fields": {"usuario": "Adrian Gaona", "pin": 1598, "id_cuenta": 19, "asignado": true}}, {"model": "CRM_Cuentas.perfilcuenta", "pk": 7036, "fields": {"usuario": "Elvita Ayala", "pin": 1233, "id_cuenta": 19, "asignado": true}}, {"model": "CRM_Cuentas.perfilcuenta", "pk": 7037, "fields": {"usuario": "Angel Mora", "pin": 1598, "id_cuenta": 19, "asignado": true}}, {"model": "CRM_Cuentas.perfilcuenta", "pk": 7038, "fields": {"usuario": "1", "pin": 1233, "id_cuenta": 20, "asignado": true}}, {"model": "CRM_Cuentas.perfilcuenta", "pk": 7039, "fields": {"usuario": "5", "pin": 7532, "id_cuenta": 20, "asignado": true}}, {"model": "CRM_Cuentas.perfilcuenta", "pk": 7040, "fields": {"usuario": "Santos Sßnchez", "pin": 4566, "id_cuenta": 20, "asignado": true}}, {"model": "CRM_Cuentas.perfilcuenta", "pk": 7041, "fields": {"usuario": "Reyes", "pin": 7899, "id_cuenta": 20, "asignado": true}}, {"model": "CRM_Cuentas.perfilcuenta", "pk": 7042, "fields": {"usuario": "Maria Pelaez", "pin": 2588, "id_cuenta": 20, "asignado": true}}, {"model": "CRM_Cuentas.perfilcuenta", "pk": 7043, "fields": {"usuario": "1-2-3-4-5", "pin": 3515, "id_cuenta": 21, "asignado": true}}, {"model": "CRM_Cuentas.perfilcuenta", "pk": 7044, "fields": {"usuario": "1-2-3-4-5", "pin": 5002, "id_cuenta": 21, "asignado": true}}, {"model": "CRM_Cuentas.perfilcuenta", "pk": 7045, "fields": {"usuario": "1-2-3-4-5", "pin": 6637, "id_cuenta": 21, "asignado": true}}, {"model": "CRM_Cuentas.perfilcuenta", "pk": 7046, "fields": {"usuario": "1-2-3-4-5", "pin": 4305, "id_cuenta": 21, "asignado": true}}, {"model": "CRM_Cuentas.perfilcuenta", "pk": 7047, "fields": {"usuario": "1-2-3-4-5", "pin": 8112, "id_cuenta": 21, "asignado": true}}, {"model": "CRM_Cuentas.perfilcuenta", "pk": 7048, "fields": {"usuario": "1-2-3-4-5", "pin": 1477, "id_cuenta": 22, "asignado": true}}, {"model": "CRM_Cuentas.perfilcuenta", "pk": 7049, "fields": {"usuario": "1-2-3-4-5", "pin": 1477, "id_cuenta": 22, "asignado": true}}, {"model": "CRM_Cuentas.perfilcuenta", "pk": 7050, "fields": {"usuario": "1-2-3-4-5", "pin": 1477, "id_cuenta": 22, "asignado": true}}, {"model": "CRM_Cuentas.perfilcuenta", "pk": 7051, "fields": {"usuario": "1-2-3-4-5", "pin": 1477, "id_cuenta": 22, "asignado": true}}, {"model": "CRM_Cuentas.perfilcuenta", "pk": 7052, "fields": {"usuario": "1-2-3-4-5", "pin": 1477, "id_cuenta": 22, "asignado": true}}, {"model": "CRM_Cuentas.perfilcuenta", "pk": 7053, "fields": {"usuario": "Kendry", "pin": 1477, "id_cuenta": 23, "asignado": true}}, {"model": "CRM_Cuentas.perfilcuenta", "pk": 7054, "fields": {"usuario": "5", "pin": 7532, "id_cuenta": 23, "asignado": false}}, {"model": "CRM_Cuentas.perfilcuenta", "pk": 7055, "fields": {"usuario": "Juan Pacheco", "pin": 7845, "id_cuenta": 23, "asignado": true}}, {"model": "CRM_Cuentas.perfilcuenta", "pk": 7056, "fields": {"usuario": "4", "pin": 7500, "id_cuenta": 23, "asignado": true}}, {"model": "CRM_Cuentas.perfilcuenta", "pk": 7057, "fields": {"usuario": "NO VENDER", "pin": 7232, "id_cuenta": 23, "asignado": true}}, {"model": "CRM_Cuentas.perfilcuenta", "pk": 7058, "fields": {"usuario": "Jonathan Aponte", "pin": 1477, "id_cuenta": 24, "asignado": true}}, {"model": "CRM_Cuentas.perfilcuenta", "pk": 7059, "fields": {"usuario": "Astrid Russo", "pin": 2356, "id_cuenta": 24, "asignado": true}}, {"model": "CRM_Cuentas.perfilcuenta", "pk": 7060, "fields": {"usuario": "Franyelis", "pin": 3699, "id_cuenta": 24, "asignado": true}}, {"model": "CRM_Cuentas.perfilcuenta", "pk": 7061, "fields": {"usuario": "AndrÚs Calle", "pin": 1233, "id_cuenta": 24, "asignado": true}}, {"model": "CRM_Cuentas.perfilcuenta", "pk": 7062, "fields": {"usuario": "NO VENDER", "pin": 8468, "id_cuenta": 24, "asignado": true}}, {"model": "CRM_Cuentas.perfilcuenta", "pk": 7063, "fields": {"usuario": "Andy", "pin": 1477, "id_cuenta": 25, "asignado": true}}, {"model": "CRM_Cuentas.perfilcuenta", "pk": 7064, "fields": {"usuario": "Daniel Jiron", "pin": 1598, "id_cuenta": 25, "asignado": true}}, {"model": "CRM_Cuentas.perfilcuenta", "pk": 7065, "fields": {"usuario": "Jesus Gonzalez", "pin": 7500, "id_cuenta": 25, "asignado": true}}, {"model": "CRM_Cuentas.perfilcuenta", "pk": 7066, "fields": {"usuario": "4", "pin": 7500, "id_cuenta": 25, "asignado": true}}, {"model": "CRM_Cuentas.perfilcuenta", "pk": 7067, "fields": {"usuario": "NO VENDER", "pin": 2701, "id_cuenta": 25, "asignado": true}}, {"model": "CRM_Cuentas.perfilcuenta", "pk": 7068, "fields": {"usuario": "MarÝa Motoche", "pin": 1477, "id_cuenta": 26, "asignado": true}}, {"model": "CRM_Cuentas.perfilcuenta", "pk": 7069, "fields": {"usuario": "Ronald Jimenez", "pin": 1245, "id_cuenta": 26, "asignado": true}}, {"model": "CRM_Cuentas.perfilcuenta", "pk": 7070, "fields": {"usuario": "Julio Cuenca", "pin": 6325, "id_cuenta": 26, "asignado": true}}, {"model": "CRM_Cuentas.perfilcuenta", "pk": 7071, "fields": {"usuario": "Manuel Qui±onez 1", "pin": 2588, "id_cuenta": 26, "asignado": true}}, {"model": "CRM_Cuentas.perfilcuenta", "pk": 7072, "fields": {"usuario": "NO VENDER", "pin": 7309, "id_cuenta": 26, "asignado": true}}, {"model": "CRM_Cuentas.perfilcuenta", "pk": 7073, "fields": {"usuario": "Joselyn", "pin": 1477, "id_cuenta": 27, "asignado": true}}, {"model": "CRM_Cuentas.perfilcuenta", "pk": 7074, "fields": {"usuario": "Jose Cede±o", "pin": 2588, "id_cuenta": 27, "asignado": true}}, {"model": "CRM_Cuentas.perfilcuenta", "pk": 7075, "fields": {"usuario": "Arleth Condoy", "pin": 7500, "id_cuenta": 27, "asignado": true}}, {"model": "CRM_Cuentas.perfilcuenta", "pk": 7076, "fields": {"usuario": "Dennis Maza", "pin": 1233, "id_cuenta": 27, "asignado": true}}, {"model": "CRM_Cuentas.perfilcuenta", "pk": 7077, "fields": {"usuario": "Dennis Pizarro", "pin": 4566, "id_cuenta": 27, "asignado": true}}, {"model": "CRM_Cuentas.perfilcuenta", "pk": 7078, "fields": {"usuario": "1", "pin": 1598, "id_cuenta": 28, "asignado": false}}, {"model": "CRM_Cuentas.perfilcuenta", "pk": 7079, "fields": {"usuario": "6", "pin": 2588, "id_cuenta": 28, "asignado": true}}, {"model": "CRM_Cuentas.perfilcuenta", "pk": 7080, "fields": {"usuario": "Rosa Rodriguez", "pin": 1245, "id_cuenta": 28, "asignado": true}}, {"model": "CRM_Cuentas.perfilcuenta", "pk": 7081, "fields": {"usuario": "4", "pin": 1233, "id_cuenta": 28, "asignado": true}}, {"model": "CRM_Cuentas.perfilcuenta", "pk": 7082, "fields": {"usuario": "5", "pin": 7532, "id_cuenta": 28, "asignado": true}}, {"model": "CRM_Cuentas.perfilcuenta", "pk": 7083, "fields": {"usuario": "Jesus Centina", "pin": 7500, "id_cuenta": 29, "asignado": true}}, {"model": "CRM_Cuentas.perfilcuenta", "pk": 7084, "fields": {"usuario": "Aritec", "pin": 2588, "id_cuenta": 29, "asignado": true}}, {"model": "CRM_Cuentas.perfilcuenta", "pk": 7085, "fields": {"usuario": "5", "pin": 9827, "id_cuenta": 29, "asignado": true}}, {"model": "CRM_Cuentas.perfilcuenta", "pk": 7086, "fields": {"usuario": "Marcelo Espinoza", "pin": 7500, "id_cuenta": 29, "asignado": true}}, {"model": "CRM_Cuentas.perfilcuenta", "pk": 7087, "fields": {"usuario": "Paola Ramirez", "pin": 1598, "id_cuenta": 29, "asignado": true}}, {"model": "CRM_Cuentas.perfilcuenta", "pk": 7088, "fields": {"usuario": "Maritza Malacatus", "pin": 1598, "id_cuenta": 30, "asignado": true}}, {"model": "CRM_Cuentas.perfilcuenta", "pk": 7089, "fields": {"usuario": "Alisson Valle", "pin": 1233, "id_cuenta": 30, "asignado": true}}, {"model": "CRM_Cuentas.perfilcuenta", "pk": 7090, "fields": {"usuario": "Domenica Astudillo", "pin": 7899, "id_cuenta": 30, "asignado": true}}, {"model": "CRM_Cuentas.perfilcuenta", "pk": 7091, "fields": {"usuario": "Emeleo Quishpe", "pin": 2588, "id_cuenta": 30, "asignado": true}}, {"model": "CRM_Cuentas.perfilcuenta", "pk": 7092, "fields": {"usuario": "NO VENDER", "pin": 4368, "id_cuenta": 30, "asignado": true}}, {"model": "CRM_Cuentas.perfilcuenta", "pk": 7093, "fields": {"usuario": "1", "pin": 1477, "id_cuenta": 31, "asignado": true}}, {"model": "CRM_Cuentas.perfilcuenta", "pk": 7094, "fields": {"usuario": "Katty", "pin": 6789, "id_cuenta": 31, "asignado": true}}, {"model": "CRM_Cuentas.perfilcuenta", "pk": 7095, "fields": {"usuario": "Jose Encarnacion", "pin": 7532, "id_cuenta": 31, "asignado": true}}, {"model": "CRM_Cuentas.perfilcuenta", "pk": 7096, "fields": {"usuario": "Manuel Qui±onez 2", "pin": 1456, "id_cuenta": 31, "asignado": true}}, {"model": "CRM_Cuentas.perfilcuenta", "pk": 7097, "fields": {"usuario": "Isis Ayala", "pin": 4566, "id_cuenta": 31, "asignado": true}}, {"model": "CRM_Cuentas.perfilcuenta", "pk": 7098, "fields": {"usuario": "Thiago Astudillo", "pin": 1477, "id_cuenta": 32, "asignado": true}}, {"model": "CRM_Cuentas.perfilcuenta", "pk": 7099, "fields": {"usuario": "John Villegas", "pin": 2588, "id_cuenta": 32, "asignado": true}}, {"model": "CRM_Cuentas.perfilcuenta", "pk": 7100, "fields": {"usuario": "Estela Guerra", "pin": 1233, "id_cuenta": 32, "asignado": true}}, {"model": "CRM_Cuentas.perfilcuenta", "pk": 7101, "fields": {"usuario": "Mileidy Hernandez", "pin": 7500, "id_cuenta": 32, "asignado": true}}, {"model": "CRM_Cuentas.perfilcuenta", "pk": 7102, "fields": {"usuario": "Gael Granda", "pin": 7500, "id_cuenta": 32, "asignado": true}}, {"model": "CRM_Cuentas.perfilcuenta", "pk": 7103, "fields": {"usuario": "1", "pin": 1477, "id_cuenta": 33, "asignado": true}}, {"model": "CRM_Cuentas.perfilcuenta", "pk": 7104, "fields": {"usuario": "2", "pin": 2588, "id_cuenta": 33, "asignado": true}}, {"model": "CRM_Cuentas.perfilcuenta", "pk": 7105, "fields": {"usuario": "3.0", "pin": 3699, "id_cuenta": 33, "asignado": true}}, {"model": "CRM_Cuentas.perfilcuenta", "pk": 7106, "fields": {"usuario": "4", "pin": 1233, "id_cuenta": 33, "asignado": true}}, {"model": "CRM_Cuentas.perfilcuenta", "pk": 7107, "fields": {"usuario": "5", "pin": 4566, "id_cuenta": 33, "asignado": true}}, {"model": "CRM_Cuentas.perfilcuenta", "pk": 7108, "fields": {"usuario": "FAMILIA", "pin": 4195, "id_cuenta": 34, "asignado": true}}, {"model": "CRM_Cuentas.perfilcuenta", "pk": 7109, "fields": {"usuario": "FAMILIA", "pin": 7435, "id_cuenta": 34, "asignado": true}}, {"model": "CRM_Cuentas.perfilcuenta", "pk": 7110, "fields": {"usuario": "FAMILIA", "pin": 9635, "id_cuenta": 34, "asignado": true}}, {"model": "CRM_Cuentas.perfilcuenta", "pk": 7111, "fields": {"usuario": "Manuel Qui±onez", "pin": 2734, "id_cuenta": 35, "asignado": true}}, {"model": "CRM_Cuentas.perfilcuenta", "pk": 7112, "fields": {"usuario": "Limber Villavicencio", "pin": 7397, "id_cuenta": 35, "asignado": true}}, {"model": "CRM_Cuentas.perfilcuenta", "pk": 7113, "fields": {"usuario": "Blanca Soto", "pin": 1809, "id_cuenta": 35, "asignado": true}}, {"model": "CRM_Cuentas.perfilcuenta", "pk": 7114, "fields": {"usuario": "Kimberly Cepeda", "pin": 6645, "id_cuenta": 36, "asignado": true}}, {"model": "CRM_Cuentas.perfilcuenta", "pk": 7115, "fields": {"usuario": "Xiomara Cruz", "pin": 8355, "id_cuenta": 36, "asignado": true}}, {"model": "CRM_Cuentas.perfilcuenta", "pk": 7116, "fields": {"usuario": "AndrÚs Celi", "pin": 2474, "id_cuenta": 36, "asignado": true}}, {"model": "CRM_Cuentas.perfilcuenta", "pk": 7117, "fields": {"usuario": "Carlos Herrera", "pin": 3610, "id_cuenta": 37, "asignado": true}}, {"model": "CRM_Cuentas.perfilcuenta", "pk": 7118, "fields": {"usuario": "Carlos Peralta", "pin": 8591, "id_cuenta": 37, "asignado": true}}, {"model": "CRM_Cuentas.perfilcuenta", "pk": 7119, "fields": {"usuario": "Danny", "pin": 6590, "id_cuenta": 37, "asignado": true}}, {"model": "CRM_Cuentas.perfilcuenta", "pk": 7120, "fields": {"usuario": "Teresa Contreras", "pin": 1347, "id_cuenta": 38, "asignado": true}}, {"model": "CRM_Cuentas.perfilcuenta", "pk": 7121, "fields": {"usuario": "Danilo", "pin": 1060, "id_cuenta": 38, "asignado": true}}, {"model": "CRM_Cuentas.perfilcuenta", "pk": 7122, "fields": {"usuario": "nan", "pin": 8161, "id_cuenta": 38, "asignado": true}}, {"model": "CRM_Cuentas.perfilcuenta", "pk": 7123, "fields": {"usuario": "Carmen", "pin": 2753, "id_cuenta": 39, "asignado": true}}, {"model": "CRM_Cuentas.perfilcuenta", "pk": 7124, "fields": {"usuario": "Yadira Leon", "pin": 5108, "id_cuenta": 39, "asignado": true}}, {"model": "CRM_Cuentas.perfilcuenta", "pk": 7125, "fields": {"usuario": "Angeles", "pin": 9009, "id_cuenta": 39, "asignado": true}}, {"model": "CRM_Cuentas.perfilcuenta", "pk": 7126, "fields": {"usuario": "Johiven Delej", "pin": 4703, "id_cuenta": 40, "asignado": true}}, {"model": "CRM_Cuentas.perfilcuenta", "pk": 7127, "fields": {"usuario": "Johiven Delej", "pin": 5232, "id_cuenta": 40, "asignado": true}}, {"model": "CRM_Cuentas.perfilcuenta", "pk": 7128, "fields": {"usuario": "Johiven Delej", "pin": 4142, "id_cuenta": 40, "asignado": true}}, {"model": "CRM_Cuentas.perfilcuenta", "pk": 7129, "fields": {"usuario": "Tio Gerardo", "pin": 4430, "id_cuenta": 41, "asignado": true}}, {"model": "CRM_Cuentas.perfilcuenta", "pk": 7130, "fields": {"usuario": "Daniel Arturo Ronaldo", "pin": 9774, "id_cuenta": 41, "asignado": true}}, {"model": "CRM_Cuentas.perfilcuenta", "pk": 7131, "fields": {"usuario": "nan", "pin": 1032, "id_cuenta": 41, "asignado": true}}, {"model": "CRM_Cuentas.perfilcuenta", "pk": 7132, "fields": {"usuario": "Yeixon Mera", "pin": 8418, "id_cuenta": 42, "asignado": true}}, {"model": "CRM_Cuentas.perfilcuenta", "pk": 7133, "fields": {"usuario": "Yeixon Mera", "pin": 6412, "id_cuenta": 42, "asignado": true}}, {"model": "CRM_Cuentas.perfilcuenta", "pk": 7134, "fields": {"usuario": "Yeixon Mera", "pin": 2787, "id_cuenta": 42, "asignado": true}}, {"model": "CRM_Cuentas.perfilcuenta", "pk": 7135, "fields": {"usuario": "Milton Astudillo", "pin": 4082, "id_cuenta": 43, "asignado": true}}, {"model": "CRM_Cuentas.perfilcuenta", "pk": 7136, "fields": {"usuario": "Milton Astudillo", "pin": 9438, "id_cuenta": 43, "asignado": true}}, {"model": "CRM_Cuentas.perfilcuenta", "pk": 7137, "fields": {"usuario": "Milton Astudillo", "pin": 1578, "id_cuenta": 43, "asignado": true}}, {"model": "CRM_Cuentas.perfilcuenta", "pk": 7138, "fields": {"usuario": "Galito Espinoza", "pin": 2631, "id_cuenta": 44, "asignado": true}}, {"model": "CRM_Cuentas.perfilcuenta", "pk": 7139, "fields": {"usuario": "nan", "pin": 4651, "id_cuenta": 44, "asignado": true}}, {"model": "CRM_Cuentas.perfilcuenta", "pk": 7140, "fields": {"usuario": "nan", "pin": 3159, "id_cuenta": 44, "asignado": true}}, {"model": "CRM_Cuentas.perfilcuenta", "pk": 7141, "fields": {"usuario": "3", "pin": 2576, "id_cuenta": 45, "asignado": true}}, {"model": "CRM_Cuentas.perfilcuenta", "pk": 7142, "fields": {"usuario": "2", "pin": 5201, "id_cuenta": 46, "asignado": true}}, {"model": "CRM_Cuentas.perfilcuenta", "pk": 7143, "fields": {"usuario": "Perfil Cambiado", "pin": 7500, "id_cuenta": 47, "asignado": false}}, {"model": "CRM_Cuentas.perfilcuenta", "pk": 7144, "fields": {"usuario": "Perfil_2_47", "pin": 2640, "id_cuenta": 47, "asignado": true}}, {"model": "CRM_Cuentas.perfilcuenta", "pk": 7145, "fields": {"usuario": "Perfil_3_47", "pin": 9309, "id_cuenta": 47, "asignado": false}}, {"model": "CRM_Cuentas.perfilcuenta", "pk": 7146, "fields": {"usuario": "Perfil_4_47", "pin": 6701, "id_cuenta": 47, "asignado": false}}, {"model": "CRM_Cuentas.perfilcuenta", "pk": 7147, "fields": {"usuario": "Perfil_5_47", "pin": 7352, "id_cuenta": 47, "asignado": false}}, {"model": "CRM_Cuentas.perfilcuenta", "pk": 7148, "fields": {"usuario": "PERFIL CAMBIADO", "pin": 1245, "id_cuenta": 48, "asignado": false}}, {"model": "CRM_Cuentas.perfilcuenta", "pk": 7149, "fields": {"usuario": "Perfil_2_48", "pin": 6667, "id_cuenta": 48, "asignado": false}}, {"model": "CRM_Cuentas.perfilcuenta", "pk": 7150, "fields": {"usuario": "Perfil_3_48", "pin": 6059, "id_cuenta": 48, "asignado": false}}, {"model": "CRM_Cuentas.perfilcuenta", "pk": 7151, "fields": {"usuario": "Perfil_4_48", "pin": 5760, "id_cuenta": 48, "asignado": false}}, {"model": "CRM_Cuentas.perfilcuenta", "pk": 7152, "fields": {"usuario": "Perfil_5_48", "pin": 6437, "id_cuenta": 48, "asignado": false}}, {"model": "CRM_Cuentas.plan", "pk": 1, "fields": {"descripcion": "Netflix 1 dispositivo", "id_servicio": 1, "numero_dispositivos": 1, "numero_meses": 1, "precio": "3.50"}}, {"model": "CRM_Cuentas.plan", "pk": 2, "fields": {"descripcion": "Netflix 2 dispositivos", "id_servicio": 1, "numero_dispositivos": 2, "numero_meses": 1, "precio": "6.50"}}, {"model": "CRM_Cuentas.plan", "pk": 3, "fields": {"descripcion": "Netflix 3 dispositivos", "id_servicio": 1, "numero_dispositivos": 3, "numero_meses": 1, "precio": "9.00"}}, {"model": "CRM_Cuentas.plan", "pk": 4, "fields": {"descripcion": "Netflix 3 meses", "id_servicio": 1, "numero_dispositivos": 1, "numero_meses": 3, "precio": "9.00"}}, {"model": "CRM_Cuentas.plan", "pk": 5, "fields": {"descripcion": "Netflix 2 meses", "id_servicio": 1, "numero_dispositivos": 1, "numero_meses": 2, "precio": "6.50"}}, {"model": "CRM_Cuentas.plan", "pk": 6, "fields": {"descripcion": "MagisTV 1 dispositivo", "id_servicio": 2, "numero_dispositivos": 1, "numero_meses": 1, "precio": "4.00"}}, {"model": "CRM_Cuentas.plan", "pk": 7, "fields": {"descripcion": "MagisTV 2 meses", "id_servicio": 2, "numero_dispositivos": 1, "numero_meses": 2, "precio": "7.00"}}, {"model": "CRM_Cuentas.plan", "pk": 8, "fields": {"descripcion": "MagisTV 3 meses", "id_servicio": 2, "numero_dispositivos": 1, "numero_meses": 3, "precio": "9.00"}}, {"model": "CRM_Cuentas.plan", "pk": 9, "fields": {"descripcion": "MagisTV 2 dispositivos", "id_servicio": 2, "numero_dispositivos": 2, "numero_meses": 1, "precio": "7.00"}}, {"model": "CRM_Cuentas.plan", "pk": 10, "fields": {"descripcion": "MagisTV 3 dispositivos", "id_servicio": 2, "numero_dispositivos": 3, "numero_meses": 1, "precio": "9.00"}}, {"model": "CRM_Cuentas.plan", "pk": 11, "fields": {"descripcion": "Netflix Cuenta Completa", "id_servicio": 1, "numero_dispositivos": 1, "numero_meses": 1, "precio": "2.80"}}, {"model": "CRM_Cuentas.perfil", "pk": 2063, "fields": {"fech_inicio": "2024-05-17", "mes": 7, "fech_fin": "2024-12-17", "notas": "", "estado": true, "id_cliente": 1, "id_perfil_cuenta": 6943, "id_tipo_dispositivo": 1, "id_plan": 1}}, {"model": "CRM_Cuentas.perfil", "pk": 2064, "fields": {"fech_inicio": "2024-10-21", "mes": 2, "fech_fin": "2024-12-21", "notas": "", "estado": true, "id_cliente": 2, "id_perfil_cuenta": 6944, "id_tipo_dispositivo": 1, "id_plan": 1}}, {"model": "CRM_Cuentas.perfil", "pk": 2065, "fields": {"fech_inicio": "2024-11-20", "mes": 1, "fech_fin": "2024-12-20", "notas": "", "estado": true, "id_cliente": 141, "id_perfil_cuenta": 6945, "id_tipo_dispositivo": 1, "id_plan": 1}}, {"model": "CRM_Cuentas.perfil", "pk": 2066, "fields": {"fech_inicio": "2024-11-24", "mes": 1, "fech_fin": "2024-12-24", "notas": "", "estado": true, "id_cliente": 4, "id_perfil_cuenta": 6946, "id_tipo_dispositivo": 1, "id_plan": 1}}, {"model": "CRM_Cuentas.perfil", "pk": 2067, "fields": {"fech_inicio": "2024-11-21", "mes": 1, "fech_fin": "2024-12-21", "notas": "", "estado": true, "id_cliente": 5, "id_perfil_cuenta": 6947, "id_tipo_dispositivo": 1, "id_plan": 1}}, {"model": "CRM_Cuentas.perfil", "pk": 2068, "fields": {"fech_inicio": "2024-11-21", "mes": 1, "fech_fin": "2024-12-21", "notas": "", "estado": true, "id_cliente": 6, "id_perfil_cuenta": 6948, "id_tipo_dispositivo": 1, "id_plan": 1}}, {"model": "CRM_Cuentas.perfil", "pk": 2069, "fields": {"fech_inicio": "2024-11-11", "mes": 1, "fech_fin": "2024-12-11", "notas": "", "estado": true, "id_cliente": 7, "id_perfil_cuenta": 6949, "id_tipo_dispositivo": 1, "id_plan": 1}}, {"model": "CRM_Cuentas.perfil", "pk": 2070, "fields": {"fech_inicio": "2024-11-03", "mes": 3, "fech_fin": "2025-02-03", "notas": "", "estado": true, "id_cliente": 142, "id_perfil_cuenta": 6950, "id_tipo_dispositivo": 1, "id_plan": 1}}, {"model": "CRM_Cuentas.perfil", "pk": 2071, "fields": {"fech_inicio": "2024-05-28", "mes": 9, "fech_fin": "2025-02-28", "notas": "", "estado": true, "id_cliente": 8, "id_perfil_cuenta": 6951, "id_tipo_dispositivo": 1, "id_plan": 1}}, {"model": "CRM_Cuentas.perfil", "pk": 2072, "fields": {"fech_inicio": "2024-11-19", "mes": 1, "fech_fin": "2024-12-19", "notas": "", "estado": true, "id_cliente": 143, "id_perfil_cuenta": 6952, "id_tipo_dispositivo": 1, "id_plan": 1}}, {"model": "CRM_Cuentas.perfil", "pk": 2073, "fields": {"fech_inicio": "2024-11-29", "mes": 1, "fech_fin": "2024-12-29", "notas": "", "estado": true, "id_cliente": 144, "id_perfil_cuenta": 6953, "id_tipo_dispositivo": 1, "id_plan": 1}}, {"model": "CRM_Cuentas.perfil", "pk": 2074, "fields": {"fech_inicio": "2024-10-28", "mes": 2, "fech_fin": "2024-12-28", "notas": "", "estado": true, "id_cliente": 11, "id_perfil_cuenta": 6954, "id_tipo_dispositivo": 1, "id_plan": 1}}, {"model": "CRM_Cuentas.perfil", "pk": 2075, "fields": {"fech_inicio": "2024-10-18", "mes": 2, "fech_fin": "2024-12-18", "notas": "", "estado": true, "id_cliente": 145, "id_perfil_cuenta": 6955, "id_tipo_dispositivo": 1, "id_plan": 1}}, {"model": "CRM_Cuentas.perfil", "pk": 2076, "fields": {"fech_inicio": "2022-11-29", "mes": 26, "fech_fin": "2025-01-29", "notas": "", "estado": true, "id_cliente": 13, "id_perfil_cuenta": 6956, "id_tipo_dispositivo": 1, "id_plan": 1}}, {"model": "CRM_Cuentas.perfil", "pk": 2077, "fields": {"fech_inicio": "2024-10-24", "mes": 2, "fech_fin": "2024-12-24", "notas": "", "estado": true, "id_cliente": 146, "id_perfil_cuenta": 6957, "id_tipo_dispositivo": 1, "id_plan": 1}}, {"model": "CRM_Cuentas.perfil", "pk": 2078, "fields": {"fech_inicio": "2024-12-04", "mes": 1, "fech_fin": "2025-01-04", "notas": "", "estado": true, "id_cliente": 147, "id_perfil_cuenta": 6958, "id_tipo_dispositivo": 1, "id_plan": 1}}, {"model": "CRM_Cuentas.perfil", "pk": 2079, "fields": {"fech_inicio": "2024-12-04", "mes": 1, "fech_fin": "2025-01-04", "notas": "", "estado": true, "id_cliente": 148, "id_perfil_cuenta": 6959, "id_tipo_dispositivo": 1, "id_plan": 1}}, {"model": "CRM_Cuentas.perfil", "pk": 2080, "fields": {"fech_inicio": "2024-11-29", "mes": 1, "fech_fin": "2024-12-29", "notas": "", "estado": true, "id_cliente": 149, "id_perfil_cuenta": 6960, "id_tipo_dispositivo": 1, "id_plan": 1}}, {"model": "CRM_Cuentas.perfil", "pk": 2081, "fields": {"fech_inicio": "2024-11-19", "mes": 2, "fech_fin": "2025-01-19", "notas": "", "estado": true, "id_cliente": 150, "id_perfil_cuenta": 6961, "id_tipo_dispositivo": 1, "id_plan": 1}}, {"model": "CRM_Cuentas.perfil", "pk": 2082, "fields": {"fech_inicio": "2024-11-21", "mes": 1, "fech_fin": "2024-12-21", "notas": "", "estado": true, "id_cliente": 19, "id_perfil_cuenta": 6962, "id_tipo_dispositivo": 1, "id_plan": 1}}, {"model": "CRM_Cuentas.perfil", "pk": 2083, "fields": {"fech_inicio": "2024-11-21", "mes": 1, "fech_fin": "2024-12-21", "notas": "", "estado": true, "id_cliente": 20, "id_perfil_cuenta": 6963, "id_tipo_dispositivo": 1, "id_plan": 1}}, {"model": "CRM_Cuentas.perfil", "pk": 2084, "fields": {"fech_inicio": "2024-12-01", "mes": 1, "fech_fin": "2025-01-01", "notas": "", "estado": true, "id_cliente": 151, "id_perfil_cuenta": 6964, "id_tipo_dispositivo": 1, "id_plan": 1}}, {"model": "CRM_Cuentas.perfil", "pk": 2085, "fields": {"fech_inicio": "2024-10-30", "mes": 3, "fech_fin": "2025-01-30", "notas": "", "estado": true, "id_cliente": 142, "id_perfil_cuenta": 6965, "id_tipo_dispositivo": 1, "id_plan": 1}}, {"model": "CRM_Cuentas.perfil", "pk": 2086, "fields": {"fech_inicio": "2024-10-24", "mes": 2, "fech_fin": "2024-12-24", "notas": "", "estado": true, "id_cliente": 22, "id_perfil_cuenta": 6966, "id_tipo_dispositivo": 1, "id_plan": 1}}, {"model": "CRM_Cuentas.perfil", "pk": 2087, "fields": {"fech_inicio": "2024-10-24", "mes": 2, "fech_fin": "2024-12-24", "notas": "", "estado": true, "id_cliente": 22, "id_perfil_cuenta": 6967, "id_tipo_dispositivo": 1, "id_plan": 1}}, {"model": "CRM_Cuentas.perfil", "pk": 2088, "fields": {"fech_inicio": "2023-04-06", "mes": 4, "fech_fin": "2023-08-06", "notas": "", "estado": true, "id_cliente": 23, "id_perfil_cuenta": 6968, "id_tipo_dispositivo": 1, "id_plan": 1}}, {"model": "CRM_Cuentas.perfil", "pk": 2089, "fields": {"fech_inicio": "2023-04-06", "mes": 4, "fech_fin": "2023-08-06", "notas": "", "estado": true, "id_cliente": 23, "id_perfil_cuenta": 6969, "id_tipo_dispositivo": 1, "id_plan": 1}}, {"model": "CRM_Cuentas.perfil", "pk": 2090, "fields": {"fech_inicio": "2023-04-06", "mes": 4, "fech_fin": "2023-08-06", "notas": "", "estado": true, "id_cliente": 23, "id_perfil_cuenta": 6970, "id_tipo_dispositivo": 1, "id_plan": 1}}, {"model": "CRM_Cuentas.perfil", "pk": 2091, "fields": {"fech_inicio": "2023-04-06", "mes": 4, "fech_fin": "2023-08-06", "notas": "", "estado": true, "id_cliente": 23, "id_perfil_cuenta": 6971, "id_tipo_dispositivo": 1, "id_plan": 1}}, {"model": "CRM_Cuentas.perfil", "pk": 2092, "fields": {"fech_inicio": "2023-04-06", "mes": 4, "fech_fin": "2023-08-06", "notas": "", "estado": true, "id_cliente": 23, "id_perfil_cuenta": 6972, "id_tipo_dispositivo": 1, "id_plan": 1}}, {"model": "CRM_Cuentas.perfil", "pk": 2093, "fields": {"fech_inicio": "2024-05-05", "mes": 8, "fech_fin": "2025-01-05", "notas": "A 3 USD", "estado": true, "id_cliente": 24, "id_perfil_cuenta": 6973, "id_tipo_dispositivo": 1, "id_plan": 1}}, {"model": "CRM_Cuentas.perfil", "pk": 2094, "fields": {"fech_inicio": "2023-10-01", "mes": 15, "fech_fin": "2025-01-01", "notas": "", "estado": true, "id_cliente": 25, "id_perfil_cuenta": 6974, "id_tipo_dispositivo": 1, "id_plan": 1}}, {"model": "CRM_Cuentas.perfil", "pk": 2095, "fields": {"fech_inicio": "2024-10-14", "mes": 2, "fech_fin": "2024-12-14", "notas": "", "estado": true, "id_cliente": 26, "id_perfil_cuenta": 6975, "id_tipo_dispositivo": 1, "id_plan": 1}}, {"model": "CRM_Cuentas.perfil", "pk": 2096, "fields": {"fech_inicio": "2024-11-30", "mes": 1, "fech_fin": "2024-12-30", "notas": "", "estado": true, "id_cliente": 152, "id_perfil_cuenta": 6976, "id_tipo_dispositivo": 1, "id_plan": 1}}, {"model": "CRM_Cuentas.perfil", "pk": 2097, "fields": {"fech_inicio": "2024-11-28", "mes": 1, "fech_fin": "2024-12-28", "notas": "", "estado": true, "id_cliente": 28, "id_perfil_cuenta": 6977, "id_tipo_dispositivo": 1, "id_plan": 1}}, {"model": "CRM_Cuentas.perfil", "pk": 2098, "fields": {"fech_inicio": "2024-12-02", "mes": 2, "fech_fin": "2025-02-02", "notas": "", "estado": true, "id_cliente": 153, "id_perfil_cuenta": 6978, "id_tipo_dispositivo": 1, "id_plan": 1}}, {"model": "CRM_Cuentas.perfil", "pk": 2099, "fields": {"fech_inicio": "2024-09-30", "mes": 3, "fech_fin": "2024-12-30", "notas": "", "estado": true, "id_cliente": 154, "id_perfil_cuenta": 6979, "id_tipo_dispositivo": 1, "id_plan": 1}}, {"model": "CRM_Cuentas.perfil", "pk": 2101, "fields": {"fech_inicio": "2024-11-16", "mes": 1, "fech_fin": "2024-12-16", "notas": "", "estado": true, "id_cliente": 32, "id_perfil_cuenta": 6981, "id_tipo_dispositivo": 1, "id_plan": 1}}, {"model": "CRM_Cuentas.perfil", "pk": 2102, "fields": {"fech_inicio": "2024-09-13", "mes": 3, "fech_fin": "2024-12-13", "notas": "", "estado": true, "id_cliente": 142, "id_perfil_cuenta": 6982, "id_tipo_dispositivo": 1, "id_plan": 1}}, {"model": "CRM_Cuentas.perfil", "pk": 2103, "fields": {"fech_inicio": "2024-11-24", "mes": 1, "fech_fin": "2024-12-24", "notas": "", "estado": true, "id_cliente": 33, "id_perfil_cuenta": 6983, "id_tipo_dispositivo": 1, "id_plan": 1}}, {"model": "CRM_Cuentas.perfil", "pk": 2104, "fields": {"fech_inicio": "2024-09-20", "mes": 3, "fech_fin": "2024-12-20", "notas": "", "estado": true, "id_cliente": 156, "id_perfil_cuenta": 6984, "id_tipo_dispositivo": 1, "id_plan": 1}}, {"model": "CRM_Cuentas.perfil", "pk": 2105, "fields": {"fech_inicio": "2024-09-08", "mes": 3, "fech_fin": "2024-12-08", "notas": "", "estado": true, "id_cliente": 35, "id_perfil_cuenta": 6985, "id_tipo_dispositivo": 1, "id_plan": 1}}, {"model": "CRM_Cuentas.perfil", "pk": 2106, "fields": {"fech_inicio": "2024-12-06", "mes": 1, "fech_fin": "2025-01-06", "notas": "", "estado": true, "id_cliente": 157, "id_perfil_cuenta": 6986, "id_tipo_dispositivo": 1, "id_plan": 1}}, {"model": "CRM_Cuentas.perfil", "pk": 2107, "fields": {"fech_inicio": "2024-09-13", "mes": 3, "fech_fin": "2024-12-13", "notas": "", "estado": true, "id_cliente": 142, "id_perfil_cuenta": 6987, "id_tipo_dispositivo": 1, "id_plan": 1}}, {"model": "CRM_Cuentas.perfil", "pk": 2108, "fields": {"fech_inicio": "2024-11-13", "mes": 1, "fech_fin": "2024-12-13", "notas": "", "estado": true, "id_cliente": 37, "id_perfil_cuenta": 6988, "id_tipo_dispositivo": 1, "id_plan": 1}}, {"model": "CRM_Cuentas.perfil", "pk": 2109, "fields": {"fech_inicio": "2024-10-10", "mes": 2, "fech_fin": "2024-12-10", "notas": "", "estado": true, "id_cliente": 158, "id_perfil_cuenta": 6989, "id_tipo_dispositivo": 1, "id_plan": 1}}, {"model": "CRM_Cuentas.perfil", "pk": 2110, "fields": {"fech_inicio": "2024-10-28", "mes": 2, "fech_fin": "2024-12-28", "notas": "", "estado": true, "id_cliente": 11, "id_perfil_cuenta": 6990, "id_tipo_dispositivo": 1, "id_plan": 1}}, {"model": "CRM_Cuentas.perfil", "pk": 2111, "fields": {"fech_inicio": "2024-12-06", "mes": 1, "fech_fin": "2025-01-06", "notas": "", "estado": true, "id_cliente": 39, "id_perfil_cuenta": 6991, "id_tipo_dispositivo": 1, "id_plan": 1}}, {"model": "CRM_Cuentas.perfil", "pk": 2112, "fields": {"fech_inicio": "2024-12-06", "mes": 1, "fech_fin": "2025-01-06", "notas": "", "estado": true, "id_cliente": 159, "id_perfil_cuenta": 6992, "id_tipo_dispositivo": 1, "id_plan": 1}}, {"model": "CRM_Cuentas.perfil", "pk": 2113, "fields": {"fech_inicio": "2024-12-06", "mes": 1, "fech_fin": "2025-01-06", "notas": "", "estado": true, "id_cliente": 160, "id_perfil_cuenta": 6993, "id_tipo_dispositivo": 1, "id_plan": 1}}, {"model": "CRM_Cuentas.perfil", "pk": 2114, "fields": {"fech_inicio": "2022-11-02", "mes": 26, "fech_fin": "2025-01-02", "notas": "", "estado": true, "id_cliente": 42, "id_perfil_cuenta": 6994, "id_tipo_dispositivo": 1, "id_plan": 1}}, {"model": "CRM_Cuentas.perfil", "pk": 2115, "fields": {"fech_inicio": "2024-09-20", "mes": 3, "fech_fin": "2024-12-20", "notas": "", "estado": true, "id_cliente": 43, "id_perfil_cuenta": 6995, "id_tipo_dispositivo": 1, "id_plan": 1}}, {"model": "CRM_Cuentas.perfil", "pk": 2116, "fields": {"fech_inicio": "2024-09-13", "mes": 3, "fech_fin": "2024-12-13", "notas": "", "estado": true, "id_cliente": 142, "id_perfil_cuenta": 6997, "id_tipo_dispositivo": 1, "id_plan": 1}}, {"model": "CRM_Cuentas.perfil", "pk": 2117, "fields": {"fech_inicio": "2024-12-02", "mes": 1, "fech_fin": "2025-01-02", "notas": "", "estado": true, "id_cliente": 44, "id_perfil_cuenta": 6998, "id_tipo_dispositivo": 1, "id_plan": 1}}, {"model": "CRM_Cuentas.perfil", "pk": 2118, "fields": {"fech_inicio": "2024-11-09", "mes": 1, "fech_fin": "2024-12-09", "notas": "", "estado": true, "id_cliente": 45, "id_perfil_cuenta": 6999, "id_tipo_dispositivo": 1, "id_plan": 1}}, {"model": "CRM_Cuentas.perfil", "pk": 2119, "fields": {"fech_inicio": "2022-08-11", "mes": 28, "fech_fin": "2024-12-11", "notas": "", "estado": true, "id_cliente": 46, "id_perfil_cuenta": 7000, "id_tipo_dispositivo": 1, "id_plan": 1}}, {"model": "CRM_Cuentas.perfil", "pk": 2120, "fields": {"fech_inicio": "2024-11-30", "mes": 1, "fech_fin": "2024-12-30", "notas": "", "estado": true, "id_cliente": 47, "id_perfil_cuenta": 7001, "id_tipo_dispositivo": 1, "id_plan": 1}}, {"model": "CRM_Cuentas.perfil", "pk": 2121, "fields": {"fech_inicio": "2024-08-05", "mes": 4, "fech_fin": "2024-12-05", "notas": "", "estado": true, "id_cliente": 48, "id_perfil_cuenta": 7002, "id_tipo_dispositivo": 1, "id_plan": 1}}, {"model": "CRM_Cuentas.perfil", "pk": 2122, "fields": {"fech_inicio": "2023-03-27", "mes": 20, "fech_fin": "2024-11-27", "notas": "", "estado": true, "id_cliente": 43, "id_perfil_cuenta": 7003, "id_tipo_dispositivo": 1, "id_plan": 1}}, {"model": "CRM_Cuentas.perfil", "pk": 2123, "fields": {"fech_inicio": "2024-10-10", "mes": 2, "fech_fin": "2024-12-10", "notas": "", "estado": true, "id_cliente": 158, "id_perfil_cuenta": 7004, "id_tipo_dispositivo": 1, "id_plan": 1}}, {"model": "CRM_Cuentas.perfil", "pk": 2124, "fields": {"fech_inicio": "2024-11-13", "mes": 1, "fech_fin": "2024-12-13", "notas": "", "estado": true, "id_cliente": 37, "id_perfil_cuenta": 7005, "id_tipo_dispositivo": 1, "id_plan": 1}}, {"model": "CRM_Cuentas.perfil", "pk": 2125, "fields": {"fech_inicio": "2024-10-12", "mes": 2, "fech_fin": "2024-12-12", "notas": "", "estado": true, "id_cliente": 162, "id_perfil_cuenta": 7006, "id_tipo_dispositivo": 1, "id_plan": 1}}, {"model": "CRM_Cuentas.perfil", "pk": 2126, "fields": {"fech_inicio": "2023-06-16", "mes": 19, "fech_fin": "2025-01-16", "notas": "", "estado": true, "id_cliente": 50, "id_perfil_cuenta": 7007, "id_tipo_dispositivo": 1, "id_plan": 1}}, {"model": "CRM_Cuentas.perfil", "pk": 2127, "fields": {"fech_inicio": "2024-11-27", "mes": 1, "fech_fin": "2024-12-27", "notas": "", "estado": true, "id_cliente": 51, "id_perfil_cuenta": 7008, "id_tipo_dispositivo": 1, "id_plan": 1}}, {"model": "CRM_Cuentas.perfil", "pk": 2128, "fields": {"fech_inicio": "2024-11-24", "mes": 1, "fech_fin": "2024-12-24", "notas": "", "estado": true, "id_cliente": 4, "id_perfil_cuenta": 7009, "id_tipo_dispositivo": 1, "id_plan": 1}}, {"model": "CRM_Cuentas.perfil", "pk": 2129, "fields": {"fech_inicio": "2024-05-08", "mes": 7, "fech_fin": "2024-12-08", "notas": "", "estado": true, "id_cliente": 163, "id_perfil_cuenta": 7010, "id_tipo_dispositivo": 1, "id_plan": 1}}, {"model": "CRM_Cuentas.perfil", "pk": 2130, "fields": {"fech_inicio": "2024-11-23", "mes": 1, "fech_fin": "2024-12-23", "notas": "", "estado": true, "id_cliente": 53, "id_perfil_cuenta": 7011, "id_tipo_dispositivo": 1, "id_plan": 1}}, {"model": "CRM_Cuentas.perfil", "pk": 2131, "fields": {"fech_inicio": "2024-08-05", "mes": 4, "fech_fin": "2024-12-05", "notas": "", "estado": true, "id_cliente": 54, "id_perfil_cuenta": 7012, "id_tipo_dispositivo": 1, "id_plan": 1}}, {"model": "CRM_Cuentas.perfil", "pk": 2132, "fields": {"fech_inicio": "2024-11-17", "mes": 1, "fech_fin": "2024-12-17", "notas": "", "estado": true, "id_cliente": 55, "id_perfil_cuenta": 7013, "id_tipo_dispositivo": 1, "id_plan": 1}}, {"model": "CRM_Cuentas.perfil", "pk": 2133, "fields": {"fech_inicio": "2024-11-29", "mes": 1, "fech_fin": "2024-12-29", "notas": "", "estado": true, "id_cliente": 56, "id_perfil_cuenta": 7014, "id_tipo_dispositivo": 1, "id_plan": 1}}, {"model": "CRM_Cuentas.perfil", "pk": 2134, "fields": {"fech_inicio": "2024-12-03", "mes": 1, "fech_fin": "2025-01-03", "notas": "", "estado": true, "id_cliente": 57, "id_perfil_cuenta": 7015, "id_tipo_dispositivo": 1, "id_plan": 1}}, {"model": "CRM_Cuentas.perfil", "pk": 2135, "fields": {"fech_inicio": "2023-08-15", "mes": 16, "fech_fin": "2024-12-15", "notas": "", "estado": true, "id_cliente": 58, "id_perfil_cuenta": 7016, "id_tipo_dispositivo": 1, "id_plan": 1}}, {"model": "CRM_Cuentas.perfil", "pk": 2136, "fields": {"fech_inicio": "2024-09-21", "mes": 3, "fech_fin": "2024-12-21", "notas": "", "estado": true, "id_cliente": 164, "id_perfil_cuenta": 7017, "id_tipo_dispositivo": 1, "id_plan": 1}}, {"model": "CRM_Cuentas.perfil", "pk": 2137, "fields": {"fech_inicio": "2024-09-08", "mes": 3, "fech_fin": "2024-12-08", "notas": "", "estado": true, "id_cliente": 60, "id_perfil_cuenta": 7018, "id_tipo_dispositivo": 1, "id_plan": 1}}, {"model": "CRM_Cuentas.perfil", "pk": 2138, "fields": {"fech_inicio": "2024-01-15", "mes": 13, "fech_fin": "2025-02-15", "notas": "", "estado": true, "id_cliente": 61, "id_perfil_cuenta": 7019, "id_tipo_dispositivo": 1, "id_plan": 1}}, {"model": "CRM_Cuentas.perfil", "pk": 2139, "fields": {"fech_inicio": "2024-11-18", "mes": 1, "fech_fin": "2024-12-18", "notas": "", "estado": true, "id_cliente": 62, "id_perfil_cuenta": 7020, "id_tipo_dispositivo": 1, "id_plan": 1}}, {"model": "CRM_Cuentas.perfil", "pk": 2140, "fields": {"fech_inicio": "2024-05-16", "mes": 7, "fech_fin": "2024-12-16", "notas": "", "estado": true, "id_cliente": 165, "id_perfil_cuenta": 7021, "id_tipo_dispositivo": 1, "id_plan": 1}}, {"model": "CRM_Cuentas.perfil", "pk": 2141, "fields": {"fech_inicio": "2024-08-31", "mes": 4, "fech_fin": "2024-12-31", "notas": "", "estado": true, "id_cliente": 64, "id_perfil_cuenta": 7022, "id_tipo_dispositivo": 1, "id_plan": 1}}, {"model": "CRM_Cuentas.perfil", "pk": 2142, "fields": {"fech_inicio": "2024-11-28", "mes": 1, "fech_fin": "2024-12-28", "notas": "", "estado": true, "id_cliente": 65, "id_perfil_cuenta": 7023, "id_tipo_dispositivo": 1, "id_plan": 1}}, {"model": "CRM_Cuentas.perfil", "pk": 2143, "fields": {"fech_inicio": "2024-01-03", "mes": 15, "fech_fin": "2025-04-03", "notas": "", "estado": true, "id_cliente": 166, "id_perfil_cuenta": 7024, "id_tipo_dispositivo": 1, "id_plan": 1}}, {"model": "CRM_Cuentas.perfil", "pk": 2144, "fields": {"fech_inicio": "2024-11-18", "mes": 4, "fech_fin": "2025-03-18", "notas": "", "estado": true, "id_cliente": 67, "id_perfil_cuenta": 7025, "id_tipo_dispositivo": 1, "id_plan": 1}}, {"model": "CRM_Cuentas.perfil", "pk": 2145, "fields": {"fech_inicio": "2024-12-03", "mes": 1, "fech_fin": "2025-01-03", "notas": "", "estado": true, "id_cliente": 68, "id_perfil_cuenta": 7026, "id_tipo_dispositivo": 1, "id_plan": 1}}, {"model": "CRM_Cuentas.perfil", "pk": 2146, "fields": {"fech_inicio": "2024-11-15", "mes": 1, "fech_fin": "2024-12-17", "notas": "", "estado": true, "id_cliente": 69, "id_perfil_cuenta": 6980, "id_tipo_dispositivo": 1, "id_plan": 1}}, {"model": "CRM_Cuentas.perfil", "pk": 2147, "fields": {"fech_inicio": "2024-03-23", "mes": 9, "fech_fin": "2024-12-23", "notas": "", "estado": true, "id_cliente": 70, "id_perfil_cuenta": 7028, "id_tipo_dispositivo": 1, "id_plan": 1}}, {"model": "CRM_Cuentas.perfil", "pk": 2148, "fields": {"fech_inicio": "2024-03-23", "mes": 9, "fech_fin": "2024-12-23", "notas": "", "estado": true, "id_cliente": 70, "id_perfil_cuenta": 7029, "id_tipo_dispositivo": 1, "id_plan": 1}}, {"model": "CRM_Cuentas.perfil", "pk": 2149, "fields": {"fech_inicio": "2024-03-23", "mes": 9, "fech_fin": "2024-12-23", "notas": "", "estado": true, "id_cliente": 70, "id_perfil_cuenta": 7030, "id_tipo_dispositivo": 1, "id_plan": 1}}, {"model": "CRM_Cuentas.perfil", "pk": 2150, "fields": {"fech_inicio": "2024-03-23", "mes": 9, "fech_fin": "2024-12-23", "notas": "", "estado": true, "id_cliente": 70, "id_perfil_cuenta": 7031, "id_tipo_dispositivo": 1, "id_plan": 1}}, {"model": "CRM_Cuentas.perfil", "pk": 2151, "fields": {"fech_inicio": "2024-03-23", "mes": 9, "fech_fin": "2024-12-23", "notas": "", "estado": true, "id_cliente": 70, "id_perfil_cuenta": 7032, "id_tipo_dispositivo": 1, "id_plan": 1}}, {"model": "CRM_Cuentas.perfil", "pk": 2152, "fields": {"fech_inicio": "2024-06-10", "mes": 6, "fech_fin": "2024-12-10", "notas": "", "estado": true, "id_cliente": 71, "id_perfil_cuenta": 7033, "id_tipo_dispositivo": 1, "id_plan": 1}}, {"model": "CRM_Cuentas.perfil", "pk": 2153, "fields": {"fech_inicio": "2024-11-15", "mes": 1, "fech_fin": "2024-12-15", "notas": "", "estado": true, "id_cliente": 72, "id_perfil_cuenta": 7035, "id_tipo_dispositivo": 1, "id_plan": 1}}, {"model": "CRM_Cuentas.perfil", "pk": 2154, "fields": {"fech_inicio": "2024-09-29", "mes": 4, "fech_fin": "2025-01-29", "notas": "", "estado": true, "id_cliente": 73, "id_perfil_cuenta": 7036, "id_tipo_dispositivo": 1, "id_plan": 1}}, {"model": "CRM_Cuentas.perfil", "pk": 2155, "fields": {"fech_inicio": "2024-12-03", "mes": 1, "fech_fin": "2025-01-03", "notas": "", "estado": true, "id_cliente": 168, "id_perfil_cuenta": 7037, "id_tipo_dispositivo": 1, "id_plan": 1}}, {"model": "CRM_Cuentas.perfil", "pk": 2156, "fields": {"fech_inicio": "2024-12-07", "mes": 2, "fech_fin": "2025-02-07", "notas": "", "estado": true, "id_cliente": 75, "id_perfil_cuenta": 7038, "id_tipo_dispositivo": 1, "id_plan": 1}}, {"model": "CRM_Cuentas.perfil", "pk": 2157, "fields": {"fech_inicio": "2024-12-07", "mes": 2, "fech_fin": "2025-02-07", "notas": "pendiente", "estado": true, "id_cliente": 75, "id_perfil_cuenta": 7039, "id_tipo_dispositivo": 1, "id_plan": 1}}, {"model": "CRM_Cuentas.perfil", "pk": 2158, "fields": {"fech_inicio": "2024-08-24", "mes": 4, "fech_fin": "2024-12-24", "notas": "", "estado": true, "id_cliente": 76, "id_perfil_cuenta": 7040, "id_tipo_dispositivo": 1, "id_plan": 1}}, {"model": "CRM_Cuentas.perfil", "pk": 2159, "fields": {"fech_inicio": "2022-12-08", "mes": 25, "fech_fin": "2025-01-08", "notas": "", "estado": true, "id_cliente": 77, "id_perfil_cuenta": 7041, "id_tipo_dispositivo": 1, "id_plan": 1}}, {"model": "CRM_Cuentas.perfil", "pk": 2160, "fields": {"fech_inicio": "2024-09-03", "mes": 4, "fech_fin": "2025-01-03", "notas": "", "estado": true, "id_cliente": 169, "id_perfil_cuenta": 7042, "id_tipo_dispositivo": 1, "id_plan": 1}}, {"model": "CRM_Cuentas.perfil", "pk": 2161, "fields": {"fech_inicio": "2024-08-27", "mes": 4, "fech_fin": "2024-12-27", "notas": "", "estado": true, "id_cliente": 79, "id_perfil_cuenta": 7043, "id_tipo_dispositivo": 1, "id_plan": 1}}, {"model": "CRM_Cuentas.perfil", "pk": 2162, "fields": {"fech_inicio": "2024-08-27", "mes": 4, "fech_fin": "2024-12-27", "notas": "", "estado": true, "id_cliente": 79, "id_perfil_cuenta": 7044, "id_tipo_dispositivo": 1, "id_plan": 1}}, {"model": "CRM_Cuentas.perfil", "pk": 2163, "fields": {"fech_inicio": "2024-08-27", "mes": 4, "fech_fin": "2024-12-27", "notas": "", "estado": true, "id_cliente": 79, "id_perfil_cuenta": 7045, "id_tipo_dispositivo": 1, "id_plan": 1}}, {"model": "CRM_Cuentas.perfil", "pk": 2164, "fields": {"fech_inicio": "2024-08-27", "mes": 4, "fech_fin": "2024-12-27", "notas": "", "estado": true, "id_cliente": 79, "id_perfil_cuenta": 7046, "id_tipo_dispositivo": 1, "id_plan": 1}}, {"model": "CRM_Cuentas.perfil", "pk": 2165, "fields": {"fech_inicio": "2024-08-27", "mes": 4, "fech_fin": "2024-12-27", "notas": "", "estado": true, "id_cliente": 79, "id_perfil_cuenta": 7047, "id_tipo_dispositivo": 1, "id_plan": 1}}, {"model": "CRM_Cuentas.perfil", "pk": 2166, "fields": {"fech_inicio": "2023-03-22", "mes": 21, "fech_fin": "2024-12-22", "notas": "", "estado": true, "id_cliente": 80, "id_perfil_cuenta": 7048, "id_tipo_dispositivo": 1, "id_plan": 1}}, {"model": "CRM_Cuentas.perfil", "pk": 2167, "fields": {"fech_inicio": "2023-03-22", "mes": 21, "fech_fin": "2024-12-22", "notas": "", "estado": true, "id_cliente": 80, "id_perfil_cuenta": 7049, "id_tipo_dispositivo": 1, "id_plan": 1}}, {"model": "CRM_Cuentas.perfil", "pk": 2168, "fields": {"fech_inicio": "2023-03-22", "mes": 21, "fech_fin": "2024-12-22", "notas": "", "estado": true, "id_cliente": 80, "id_perfil_cuenta": 7050, "id_tipo_dispositivo": 1, "id_plan": 1}}, {"model": "CRM_Cuentas.perfil", "pk": 2169, "fields": {"fech_inicio": "2023-03-22", "mes": 21, "fech_fin": "2024-12-22", "notas": "", "estado": true, "id_cliente": 80, "id_perfil_cuenta": 7051, "id_tipo_dispositivo": 1, "id_plan": 1}}, {"model": "CRM_Cuentas.perfil", "pk": 2170, "fields": {"fech_inicio": "2023-03-22", "mes": 21, "fech_fin": "2024-12-22", "notas": "", "estado": true, "id_cliente": 80, "id_perfil_cuenta": 7052, "id_tipo_dispositivo": 1, "id_plan": 1}}, {"model": "CRM_Cuentas.perfil", "pk": 2171, "fields": {"fech_inicio": "2024-03-26", "mes": 12, "fech_fin": "2025-03-26", "notas": "", "estado": true, "id_cliente": 81, "id_perfil_cuenta": 7053, "id_tipo_dispositivo": 1, "id_plan": 1}}, {"model": "CRM_Cuentas.perfil", "pk": 2173, "fields": {"fech_inicio": "2024-09-23", "mes": 3, "fech_fin": "2024-12-23", "notas": "", "estado": true, "id_cliente": 83, "id_perfil_cuenta": 7055, "id_tipo_dispositivo": 1, "id_plan": 1}}, {"model": "CRM_Cuentas.perfil", "pk": 2174, "fields": {"fech_inicio": "2024-10-24", "mes": 2, "fech_fin": "2024-12-24", "notas": "", "estado": true, "id_cliente": 170, "id_perfil_cuenta": 7056, "id_tipo_dispositivo": 1, "id_plan": 1}}, {"model": "CRM_Cuentas.perfil", "pk": 2175, "fields": {"fech_inicio": "2024-09-13", "mes": 3, "fech_fin": "2024-12-13", "notas": "", "estado": true, "id_cliente": 142, "id_perfil_cuenta": 7057, "id_tipo_dispositivo": 1, "id_plan": 1}}, {"model": "CRM_Cuentas.perfil", "pk": 2176, "fields": {"fech_inicio": "2024-03-08", "mes": 9, "fech_fin": "2024-12-08", "notas": "", "estado": true, "id_cliente": 85, "id_perfil_cuenta": 7058, "id_tipo_dispositivo": 1, "id_plan": 1}}, {"model": "CRM_Cuentas.perfil", "pk": 2177, "fields": {"fech_inicio": "2024-03-08", "mes": 9, "fech_fin": "2024-12-08", "notas": "", "estado": true, "id_cliente": 85, "id_perfil_cuenta": 7059, "id_tipo_dispositivo": 1, "id_plan": 1}}, {"model": "CRM_Cuentas.perfil", "pk": 2178, "fields": {"fech_inicio": "2024-03-09", "mes": 9, "fech_fin": "2024-12-09", "notas": "", "estado": true, "id_cliente": 85, "id_perfil_cuenta": 7060, "id_tipo_dispositivo": 1, "id_plan": 1}}, {"model": "CRM_Cuentas.perfil", "pk": 2179, "fields": {"fech_inicio": "2023-11-18", "mes": 13, "fech_fin": "2024-12-18", "notas": "", "estado": true, "id_cliente": 86, "id_perfil_cuenta": 7061, "id_tipo_dispositivo": 1, "id_plan": 1}}, {"model": "CRM_Cuentas.perfil", "pk": 2180, "fields": {"fech_inicio": "2024-09-16", "mes": 50, "fech_fin": "2028-11-16", "notas": "", "estado": true, "id_cliente": 142, "id_perfil_cuenta": 7062, "id_tipo_dispositivo": 1, "id_plan": 1}}, {"model": "CRM_Cuentas.perfil", "pk": 2181, "fields": {"fech_inicio": "2022-12-19", "mes": 25, "fech_fin": "2025-01-19", "notas": "", "estado": true, "id_cliente": 3, "id_perfil_cuenta": 7063, "id_tipo_dispositivo": 1, "id_plan": 1}}, {"model": "CRM_Cuentas.perfil", "pk": 2182, "fields": {"fech_inicio": "2024-10-21", "mes": 2, "fech_fin": "2024-12-21", "notas": "", "estado": true, "id_cliente": 171, "id_perfil_cuenta": 7064, "id_tipo_dispositivo": 1, "id_plan": 1}}, {"model": "CRM_Cuentas.perfil", "pk": 2183, "fields": {"fech_inicio": "2024-10-08", "mes": 2, "fech_fin": "2024-12-08", "notas": "", "estado": true, "id_cliente": 89, "id_perfil_cuenta": 7065, "id_tipo_dispositivo": 1, "id_plan": 1}}, {"model": "CRM_Cuentas.perfil", "pk": 2184, "fields": {"fech_inicio": "2024-09-14", "mes": 3, "fech_fin": "2024-12-14", "notas": "", "estado": true, "id_cliente": 90, "id_perfil_cuenta": 7066, "id_tipo_dispositivo": 1, "id_plan": 1}}, {"model": "CRM_Cuentas.perfil", "pk": 2185, "fields": {"fech_inicio": "2024-09-13", "mes": 3, "fech_fin": "2024-12-13", "notas": "", "estado": true, "id_cliente": 142, "id_perfil_cuenta": 7067, "id_tipo_dispositivo": 1, "id_plan": 1}}, {"model": "CRM_Cuentas.perfil", "pk": 2186, "fields": {"fech_inicio": "2024-04-06", "mes": 9, "fech_fin": "2025-01-06", "notas": "", "estado": true, "id_cliente": 91, "id_perfil_cuenta": 7068, "id_tipo_dispositivo": 1, "id_plan": 1}}, {"model": "CRM_Cuentas.perfil", "pk": 2187, "fields": {"fech_inicio": "2024-11-28", "mes": 1, "fech_fin": "2024-12-28", "notas": "", "estado": true, "id_cliente": 92, "id_perfil_cuenta": 7069, "id_tipo_dispositivo": 1, "id_plan": 1}}, {"model": "CRM_Cuentas.perfil", "pk": 2188, "fields": {"fech_inicio": "2024-09-27", "mes": 3, "fech_fin": "2024-12-27", "notas": "", "estado": true, "id_cliente": 172, "id_perfil_cuenta": 7070, "id_tipo_dispositivo": 1, "id_plan": 1}}, {"model": "CRM_Cuentas.perfil", "pk": 2189, "fields": {"fech_inicio": "2024-10-25", "mes": 2, "fech_fin": "2024-12-25", "notas": "", "estado": true, "id_cliente": 94, "id_perfil_cuenta": 7071, "id_tipo_dispositivo": 1, "id_plan": 1}}, {"model": "CRM_Cuentas.perfil", "pk": 2190, "fields": {"fech_inicio": "2024-09-13", "mes": 3, "fech_fin": "2024-12-13", "notas": "", "estado": true, "id_cliente": 142, "id_perfil_cuenta": 7072, "id_tipo_dispositivo": 1, "id_plan": 1}}, {"model": "CRM_Cuentas.perfil", "pk": 2191, "fields": {"fech_inicio": "2024-11-22", "mes": 1, "fech_fin": "2024-12-22", "notas": "", "estado": true, "id_cliente": 3, "id_perfil_cuenta": 7073, "id_tipo_dispositivo": 1, "id_plan": 1}}, {"model": "CRM_Cuentas.perfil", "pk": 2192, "fields": {"fech_inicio": "2024-10-06", "mes": 2, "fech_fin": "2024-12-06", "notas": "", "estado": true, "id_cliente": 173, "id_perfil_cuenta": 7074, "id_tipo_dispositivo": 1, "id_plan": 1}}, {"model": "CRM_Cuentas.perfil", "pk": 2193, "fields": {"fech_inicio": "2024-11-23", "mes": 1, "fech_fin": "2024-12-23", "notas": "", "estado": true, "id_cliente": 27, "id_perfil_cuenta": 7075, "id_tipo_dispositivo": 1, "id_plan": 1}}, {"model": "CRM_Cuentas.perfil", "pk": 2194, "fields": {"fech_inicio": "2024-11-10", "mes": 1, "fech_fin": "2024-12-10", "notas": "", "estado": true, "id_cliente": 97, "id_perfil_cuenta": 7076, "id_tipo_dispositivo": 1, "id_plan": 1}}, {"model": "CRM_Cuentas.perfil", "pk": 2195, "fields": {"fech_inicio": "2024-11-13", "mes": 1, "fech_fin": "2024-12-13", "notas": "", "estado": true, "id_cliente": 174, "id_perfil_cuenta": 7077, "id_tipo_dispositivo": 1, "id_plan": 1}}, {"model": "CRM_Cuentas.perfil", "pk": 2197, "fields": {"fech_inicio": "2024-12-03", "mes": 1, "fech_fin": "2025-01-03", "notas": "", "estado": true, "id_cliente": 176, "id_perfil_cuenta": 7079, "id_tipo_dispositivo": 1, "id_plan": 1}}, {"model": "CRM_Cuentas.perfil", "pk": 2198, "fields": {"fech_inicio": "2024-11-01", "mes": 2, "fech_fin": "2025-01-01", "notas": "", "estado": true, "id_cliente": 101, "id_perfil_cuenta": 7080, "id_tipo_dispositivo": 1, "id_plan": 1}}, {"model": "CRM_Cuentas.perfil", "pk": 2199, "fields": {"fech_inicio": "2024-11-16", "mes": 1, "fech_fin": "2024-12-16", "notas": "", "estado": true, "id_cliente": 55, "id_perfil_cuenta": 7081, "id_tipo_dispositivo": 1, "id_plan": 1}}, {"model": "CRM_Cuentas.perfil", "pk": 2200, "fields": {"fech_inicio": "2024-11-23", "mes": 1, "fech_fin": "2024-12-23", "notas": "", "estado": true, "id_cliente": 102, "id_perfil_cuenta": 7082, "id_tipo_dispositivo": 1, "id_plan": 1}}, {"model": "CRM_Cuentas.perfil", "pk": 2201, "fields": {"fech_inicio": "2024-11-20", "mes": 3, "fech_fin": "2025-02-20", "notas": "", "estado": true, "id_cliente": 177, "id_perfil_cuenta": 7083, "id_tipo_dispositivo": 1, "id_plan": 1}}, {"model": "CRM_Cuentas.perfil", "pk": 2202, "fields": {"fech_inicio": "2024-07-12", "mes": 5, "fech_fin": "2024-12-12", "notas": "", "estado": true, "id_cliente": 104, "id_perfil_cuenta": 7084, "id_tipo_dispositivo": 1, "id_plan": 1}}, {"model": "CRM_Cuentas.perfil", "pk": 2203, "fields": {"fech_inicio": "2024-11-27", "mes": 1, "fech_fin": "2024-12-27", "notas": "", "estado": true, "id_cliente": 105, "id_perfil_cuenta": 7086, "id_tipo_dispositivo": 1, "id_plan": 1}}, {"model": "CRM_Cuentas.perfil", "pk": 2204, "fields": {"fech_inicio": "2024-09-23", "mes": 3, "fech_fin": "2024-12-23", "notas": "", "estado": true, "id_cliente": 106, "id_perfil_cuenta": 7087, "id_tipo_dispositivo": 1, "id_plan": 1}}, {"model": "CRM_Cuentas.perfil", "pk": 2205, "fields": {"fech_inicio": "2024-12-04", "mes": 1, "fech_fin": "2025-01-04", "notas": "", "estado": true, "id_cliente": 179, "id_perfil_cuenta": 7088, "id_tipo_dispositivo": 1, "id_plan": 1}}, {"model": "CRM_Cuentas.perfil", "pk": 2206, "fields": {"fech_inicio": "2024-12-05", "mes": 1, "fech_fin": "2025-01-05", "notas": "", "estado": true, "id_cliente": 108, "id_perfil_cuenta": 7089, "id_tipo_dispositivo": 1, "id_plan": 1}}, {"model": "CRM_Cuentas.perfil", "pk": 2207, "fields": {"fech_inicio": "2024-12-05", "mes": 1, "fech_fin": "2025-01-05", "notas": "", "estado": true, "id_cliente": 180, "id_perfil_cuenta": 7090, "id_tipo_dispositivo": 1, "id_plan": 1}}, {"model": "CRM_Cuentas.perfil", "pk": 2208, "fields": {"fech_inicio": "2024-10-17", "mes": 2, "fech_fin": "2024-12-17", "notas": "", "estado": true, "id_cliente": 181, "id_perfil_cuenta": 7091, "id_tipo_dispositivo": 1, "id_plan": 1}}, {"model": "CRM_Cuentas.perfil", "pk": 2209, "fields": {"fech_inicio": "2024-11-15", "mes": 3, "fech_fin": "2025-02-15", "notas": "", "estado": true, "id_cliente": 142, "id_perfil_cuenta": 7092, "id_tipo_dispositivo": 1, "id_plan": 1}}, {"model": "CRM_Cuentas.perfil", "pk": 2210, "fields": {"fech_inicio": "2024-08-08", "mes": 4, "fech_fin": "2024-12-09", "notas": "", "estado": true, "id_cliente": 182, "id_perfil_cuenta": 7093, "id_tipo_dispositivo": 1, "id_plan": 1}}, {"model": "CRM_Cuentas.perfil", "pk": 2211, "fields": {"fech_inicio": "2024-12-05", "mes": 1, "fech_fin": "2025-01-05", "notas": "", "estado": true, "id_cliente": 56, "id_perfil_cuenta": 7094, "id_tipo_dispositivo": 1, "id_plan": 1}}, {"model": "CRM_Cuentas.perfil", "pk": 2212, "fields": {"fech_inicio": "2024-09-17", "mes": 3, "fech_fin": "2024-12-17", "notas": "", "estado": true, "id_cliente": 112, "id_perfil_cuenta": 7095, "id_tipo_dispositivo": 1, "id_plan": 1}}, {"model": "CRM_Cuentas.perfil", "pk": 2213, "fields": {"fech_inicio": "2024-10-25", "mes": 2, "fech_fin": "2024-12-25", "notas": "", "estado": true, "id_cliente": 94, "id_perfil_cuenta": 7096, "id_tipo_dispositivo": 1, "id_plan": 1}}, {"model": "CRM_Cuentas.perfil", "pk": 2214, "fields": {"fech_inicio": "2024-06-11", "mes": 6, "fech_fin": "2024-12-11", "notas": "", "estado": true, "id_cliente": 183, "id_perfil_cuenta": 7097, "id_tipo_dispositivo": 1, "id_plan": 1}}, {"model": "CRM_Cuentas.perfil", "pk": 2215, "fields": {"fech_inicio": "2024-11-02", "mes": 2, "fech_fin": "2025-01-02", "notas": "", "estado": true, "id_cliente": 114, "id_perfil_cuenta": 7098, "id_tipo_dispositivo": 1, "id_plan": 1}}, {"model": "CRM_Cuentas.perfil", "pk": 2216, "fields": {"fech_inicio": "2024-11-02", "mes": 2, "fech_fin": "2025-01-02", "notas": "", "estado": true, "id_cliente": 115, "id_perfil_cuenta": 7099, "id_tipo_dispositivo": 1, "id_plan": 1}}, {"model": "CRM_Cuentas.perfil", "pk": 2217, "fields": {"fech_inicio": "2024-07-26", "mes": 5, "fech_fin": "2024-12-26", "notas": "", "estado": true, "id_cliente": 116, "id_perfil_cuenta": 7100, "id_tipo_dispositivo": 1, "id_plan": 1}}, {"model": "CRM_Cuentas.perfil", "pk": 2218, "fields": {"fech_inicio": "2022-08-31", "mes": 29, "fech_fin": "2025-01-31", "notas": "", "estado": true, "id_cliente": 73, "id_perfil_cuenta": 7101, "id_tipo_dispositivo": 1, "id_plan": 1}}, {"model": "CRM_Cuentas.perfil", "pk": 2219, "fields": {"fech_inicio": "2024-11-16", "mes": 1, "fech_fin": "2024-12-16", "notas": "", "estado": true, "id_cliente": 184, "id_perfil_cuenta": 7102, "id_tipo_dispositivo": 1, "id_plan": 1}}, {"model": "CRM_Cuentas.perfil", "pk": 2220, "fields": {"fech_inicio": "2024-11-24", "mes": 1, "fech_fin": "2024-12-24", "notas": "", "estado": true, "id_cliente": 4, "id_perfil_cuenta": 7103, "id_tipo_dispositivo": 1, "id_plan": 1}}, {"model": "CRM_Cuentas.perfil", "pk": 2221, "fields": {"fech_inicio": "2024-11-25", "mes": 1, "fech_fin": "2024-12-25", "notas": "", "estado": true, "id_cliente": 185, "id_perfil_cuenta": 7104, "id_tipo_dispositivo": 1, "id_plan": 1}}, {"model": "CRM_Cuentas.perfil", "pk": 2222, "fields": {"fech_inicio": "2024-11-25", "mes": 1, "fech_fin": "2024-12-25", "notas": "", "estado": true, "id_cliente": 186, "id_perfil_cuenta": 7105, "id_tipo_dispositivo": 1, "id_plan": 1}}, {"model": "CRM_Cuentas.perfil", "pk": 2223, "fields": {"fech_inicio": "2024-11-25", "mes": 1, "fech_fin": "2024-12-25", "notas": "", "estado": true, "id_cliente": 187, "id_perfil_cuenta": 7106, "id_tipo_dispositivo": 1, "id_plan": 1}}, {"model": "CRM_Cuentas.perfil", "pk": 2224, "fields": {"fech_inicio": "2024-11-26", "mes": 1, "fech_fin": "2024-12-26", "notas": "", "estado": true, "id_cliente": 188, "id_perfil_cuenta": 7107, "id_tipo_dispositivo": 1, "id_plan": 1}}, {"model": "CRM_Cuentas.perfil", "pk": 2225, "fields": {"fech_inicio": "2024-02-02", "mes": 14, "fech_fin": "2025-04-02", "notas": "", "estado": true, "id_cliente": 122, "id_perfil_cuenta": 7108, "id_tipo_dispositivo": 1, "id_plan": 6}}, {"model": "CRM_Cuentas.perfil", "pk": 2226, "fields": {"fech_inicio": "2024-02-02", "mes": 14, "fech_fin": "2025-04-02", "notas": "", "estado": true, "id_cliente": 122, "id_perfil_cuenta": 7109, "id_tipo_dispositivo": 1, "id_plan": 6}}, {"model": "CRM_Cuentas.perfil", "pk": 2227, "fields": {"fech_inicio": "2024-02-02", "mes": 14, "fech_fin": "2025-04-02", "notas": "", "estado": true, "id_cliente": 122, "id_perfil_cuenta": 7110, "id_tipo_dispositivo": 1, "id_plan": 6}}, {"model": "CRM_Cuentas.perfil", "pk": 2228, "fields": {"fech_inicio": "2024-10-25", "mes": 2, "fech_fin": "2024-12-25", "notas": "", "estado": true, "id_cliente": 94, "id_perfil_cuenta": 7111, "id_tipo_dispositivo": 1, "id_plan": 6}}, {"model": "CRM_Cuentas.perfil", "pk": 2229, "fields": {"fech_inicio": "2024-10-29", "mes": 6, "fech_fin": "2025-04-29", "notas": "A favor 2", "estado": true, "id_cliente": 123, "id_perfil_cuenta": 7112, "id_tipo_dispositivo": 1, "id_plan": 6}}, {"model": "CRM_Cuentas.perfil", "pk": 2230, "fields": {"fech_inicio": "2024-04-23", "mes": 8, "fech_fin": "2024-12-23", "notas": "", "estado": true, "id_cliente": 124, "id_perfil_cuenta": 7113, "id_tipo_dispositivo": 1, "id_plan": 6}}, {"model": "CRM_Cuentas.perfil", "pk": 2231, "fields": {"fech_inicio": "2024-02-09", "mes": 10, "fech_fin": "2024-12-09", "notas": "", "estado": true, "id_cliente": 125, "id_perfil_cuenta": 7114, "id_tipo_dispositivo": 1, "id_plan": 6}}, {"model": "CRM_Cuentas.perfil", "pk": 2232, "fields": {"fech_inicio": "2024-03-23", "mes": 10, "fech_fin": "2025-01-23", "notas": "", "estado": true, "id_cliente": 126, "id_perfil_cuenta": 7115, "id_tipo_dispositivo": 1, "id_plan": 6}}, {"model": "CRM_Cuentas.perfil", "pk": 2233, "fields": {"fech_inicio": "2024-11-14", "mes": 1, "fech_fin": "2024-12-14", "notas": "", "estado": true, "id_cliente": 127, "id_perfil_cuenta": 7116, "id_tipo_dispositivo": 1, "id_plan": 6}}, {"model": "CRM_Cuentas.perfil", "pk": 2234, "fields": {"fech_inicio": "2023-09-29", "mes": 15, "fech_fin": "2024-12-29", "notas": "NO CAMBIAR", "estado": true, "id_cliente": 189, "id_perfil_cuenta": 7117, "id_tipo_dispositivo": 1, "id_plan": 6}}, {"model": "CRM_Cuentas.perfil", "pk": 2235, "fields": {"fech_inicio": "2024-11-18", "mes": 1, "fech_fin": "2024-12-18", "notas": "", "estado": true, "id_cliente": 129, "id_perfil_cuenta": 7118, "id_tipo_dispositivo": 1, "id_plan": 6}}, {"model": "CRM_Cuentas.perfil", "pk": 2236, "fields": {"fech_inicio": "2024-02-14", "mes": 10, "fech_fin": "2024-12-14", "notas": "", "estado": true, "id_cliente": 190, "id_perfil_cuenta": 7119, "id_tipo_dispositivo": 1, "id_plan": 6}}, {"model": "CRM_Cuentas.perfil", "pk": 2237, "fields": {"fech_inicio": "2024-05-20", "mes": 7, "fech_fin": "2024-12-20", "notas": "0,50 a favor", "estado": true, "id_cliente": 131, "id_perfil_cuenta": 7120, "id_tipo_dispositivo": 1, "id_plan": 6}}, {"model": "CRM_Cuentas.perfil", "pk": 2238, "fields": {"fech_inicio": "2024-03-04", "mes": 10, "fech_fin": "2025-01-04", "notas": "", "estado": true, "id_cliente": 132, "id_perfil_cuenta": 7121, "id_tipo_dispositivo": 1, "id_plan": 6}}, {"model": "CRM_Cuentas.perfil", "pk": 2239, "fields": {"fech_inicio": "2024-11-08", "mes": 2, "fech_fin": "2025-01-08", "notas": "", "estado": true, "id_cliente": 133, "id_perfil_cuenta": 7123, "id_tipo_dispositivo": 1, "id_plan": 6}}, {"model": "CRM_Cuentas.perfil", "pk": 2240, "fields": {"fech_inicio": "2024-11-29", "mes": 1, "fech_fin": "2024-12-29", "notas": "", "estado": true, "id_cliente": 56, "id_perfil_cuenta": 7124, "id_tipo_dispositivo": 1, "id_plan": 6}}, {"model": "CRM_Cuentas.perfil", "pk": 2241, "fields": {"fech_inicio": "2024-07-28", "mes": 5, "fech_fin": "2024-12-28", "notas": "", "estado": true, "id_cliente": 134, "id_perfil_cuenta": 7125, "id_tipo_dispositivo": 1, "id_plan": 6}}, {"model": "CRM_Cuentas.perfil", "pk": 2242, "fields": {"fech_inicio": "2024-06-16", "mes": 6, "fech_fin": "2024-12-16", "notas": "", "estado": true, "id_cliente": 135, "id_perfil_cuenta": 7126, "id_tipo_dispositivo": 1, "id_plan": 6}}, {"model": "CRM_Cuentas.perfil", "pk": 2243, "fields": {"fech_inicio": "2024-06-16", "mes": 6, "fech_fin": "2024-12-16", "notas": "", "estado": true, "id_cliente": 135, "id_perfil_cuenta": 7127, "id_tipo_dispositivo": 1, "id_plan": 6}}, {"model": "CRM_Cuentas.perfil", "pk": 2244, "fields": {"fech_inicio": "2024-06-16", "mes": 6, "fech_fin": "2024-12-16", "notas": "", "estado": true, "id_cliente": 135, "id_perfil_cuenta": 7128, "id_tipo_dispositivo": 1, "id_plan": 6}}, {"model": "CRM_Cuentas.perfil", "pk": 2245, "fields": {"fech_inicio": "2024-09-03", "mes": 4, "fech_fin": "2025-01-03", "notas": "", "estado": true, "id_cliente": 136, "id_perfil_cuenta": 7129, "id_tipo_dispositivo": 1, "id_plan": 6}}, {"model": "CRM_Cuentas.perfil", "pk": 2246, "fields": {"fech_inicio": "2024-11-19", "mes": 1, "fech_fin": "2024-12-19", "notas": "", "estado": true, "id_cliente": 137, "id_perfil_cuenta": 7130, "id_tipo_dispositivo": 1, "id_plan": 6}}, {"model": "CRM_Cuentas.perfil", "pk": 2247, "fields": {"fech_inicio": "2023-10-06", "mes": 15, "fech_fin": "2025-01-06", "notas": "", "estado": true, "id_cliente": 138, "id_perfil_cuenta": 7132, "id_tipo_dispositivo": 1, "id_plan": 6}}, {"model": "CRM_Cuentas.perfil", "pk": 2248, "fields": {"fech_inicio": "2023-10-06", "mes": 15, "fech_fin": "2025-01-06", "notas": "", "estado": true, "id_cliente": 138, "id_perfil_cuenta": 7133, "id_tipo_dispositivo": 1, "id_plan": 6}}, {"model": "CRM_Cuentas.perfil", "pk": 2249, "fields": {"fech_inicio": "2023-10-06", "mes": 15, "fech_fin": "2025-01-06", "notas": "", "estado": true, "id_cliente": 138, "id_perfil_cuenta": 7134, "id_tipo_dispositivo": 1, "id_plan": 6}}, {"model": "CRM_Cuentas.perfil", "pk": 2250, "fields": {"fech_inicio": "2024-11-14", "mes": 1, "fech_fin": "2024-12-14", "notas": "", "estado": true, "id_cliente": 47, "id_perfil_cuenta": 7135, "id_tipo_dispositivo": 1, "id_plan": 6}}, {"model": "CRM_Cuentas.perfil", "pk": 2251, "fields": {"fech_inicio": "2024-11-14", "mes": 1, "fech_fin": "2024-12-14", "notas": "", "estado": true, "id_cliente": 47, "id_perfil_cuenta": 7136, "id_tipo_dispositivo": 1, "id_plan": 6}}, {"model": "CRM_Cuentas.perfil", "pk": 2252, "fields": {"fech_inicio": "2024-11-14", "mes": 1, "fech_fin": "2024-12-14", "notas": "", "estado": true, "id_cliente": 47, "id_perfil_cuenta": 7137, "id_tipo_dispositivo": 1, "id_plan": 6}}, {"model": "CRM_Cuentas.perfil", "pk": 2253, "fields": {"fech_inicio": "2024-12-01", "mes": 1, "fech_fin": "2025-01-01", "notas": "", "estado": true, "id_cliente": 139, "id_perfil_cuenta": 7138, "id_tipo_dispositivo": 1, "id_plan": 6}}, {"model": "CRM_Cuentas.perfil", "pk": 2255, "fields": {"fech_inicio": "2024-12-08", "mes": 1, "fech_fin": "2025-01-16", "notas": "", "estado": true, "id_cliente": 1, "id_perfil_cuenta": 7144, "id_tipo_dispositivo": 1, "id_plan": 1}}]
